{"stats":{"minecraft:used":{"minecraft:redstone_torch":3,"zombie_extreme:plastic_fence":11,"zombie_extreme:lamp":5,"zombie_extreme:metal_fence":12,"zombie_extreme:drinks_vending_machine":1,"zombie_extreme:iron_table":8,"zombie_extreme:cupboard":2,"zombie_extreme:radio_installation":4,"zombie_extreme:cash_register":1},"minecraft:custom":{"minecraft:jump":40,"minecraft:time_since_rest":8673,"minecraft:crouch_one_cm":30,"minecraft:leave_game":2,"minecraft:play_time":8673,"minecraft:sprint_one_cm":5244,"minecraft:time_since_death":8673,"minecraft:walk_on_water_one_cm":120,"minecraft:walk_one_cm":21503,"minecraft:sneak_time":54,"minecraft:total_world_time":8673,"minecraft:walk_under_water_one_cm":302,"minecraft:fly_one_cm":18443}},"DataVersion":2975}