{"stats":{"minecraft:used":{"minecraft:redstone_torch":3,"zombie_extreme:plastic_fence":11,"zombie_extreme:crawler_spawn_egg":1,"zombie_extreme:metal_fence":13,"zombie_extreme:fetus_spawn_egg":1,"zombie_extreme:iron_table":8,"zombie_extreme:infected_juggernaut_spawn_egg":2,"zombie_extreme:syringe_stimulator":1,"zombie_extreme:radio_installation":4,"zombie_extreme:experimental_serum":1,"zombie_extreme:infected_hazmat_spawn_egg":1,"zombie_extreme:lamp":5,"zombie_extreme:pill_night_vision":1,"zombie_extreme:demolisher_spawn_egg":1,"zombie_extreme:military_spawn_egg":1,"zombie_extreme:drinks_vending_machine":1,"zombie_extreme:assasin_black_ops_spawn_egg":1,"zombie_extreme:bandage":1,"zombie_extreme:cupboard":2,"zombie_extreme:cash_register":1},"minecraft:custom":{"minecraft:time_since_rest":15942,"minecraft:crouch_one_cm":30,"minecraft:sprint_one_cm":13008,"minecraft:play_time":27583,"minecraft:deaths":2,"minecraft:damage_taken":215,"minecraft:walk_one_cm":46775,"minecraft:sneak_time":87,"minecraft:walk_under_water_one_cm":3448,"minecraft:jump":133,"minecraft:damage_dealt":254,"minecraft:leave_game":6,"minecraft:walk_on_water_one_cm":918,"minecraft:time_since_death":15910,"minecraft:climb_one_cm":418,"minecraft:total_world_time":27583,"minecraft:fall_one_cm":476,"minecraft:fly_one_cm":52965}},"DataVersion":2975}