{"stats":{"minecraft:killed":{"minecraft:skeleton":1,"minecraft:guardian":2,"endofherobrine:lurker":1,"minecraft:spider":1},"minecraft:custom":{"minecraft:time_since_rest":13551,"minecraft:sprint_one_cm":32246,"minecraft:damage_taken":3808,"minecraft:walk_one_cm":124550,"minecraft:mob_kills":5,"minecraft:damage_dealt":1058,"minecraft:damage_dealt_absorbed":80,"minecraft:swim_one_cm":41475,"minecraft:fly_one_cm":118656,"minecraft:crouch_one_cm":696,"minecraft:play_time":73353,"minecraft:deaths":5,"minecraft:sneak_time":442,"minecraft:walk_under_water_one_cm":31756,"minecraft:jump":346,"minecraft:leave_game":10,"minecraft:walk_on_water_one_cm":19237,"minecraft:time_since_death":13518,"minecraft:climb_one_cm":882,"minecraft:total_world_time":73353,"minecraft:fall_one_cm":1816},"minecraft:killed_by":{"sanitydim:rotting_stalker":2},"minecraft:picked_up":{"minecraft:string":1,"minecraft:bone":2,"minecraft:arrow":1,"minecraft:rotten_flesh":2,"minecraft:oak_sign":1,"beyond_earth:rocket_t1":1,"sophisticatedbackpacks:copper_backpack":1,"beyond_earth:rover":1,"minecraft:sugar_cane":2,"minecraft:diamond_pickaxe":1},"minecraft:mined":{"minecraft:sea_pickle":1,"minecraft:oak_sign":1,"minecraft:sugar_cane":1},"minecraft:used":{"endofherobrine:builder_spawn_egg":1,"minecraft:redstone_torch":3,"beyond_earth:nasa_workbench":1,"zombie_extreme:metal_fence":13,"zombie_extreme:crawler_spawn_egg":1,"bunker_down:steel_block":73,"zombie_extreme:fetus_spawn_egg":1,"zombie_extreme:syringe_stimulator":1,"zombie_extreme:radio_installation":4,"carryon:entity_item":1,"zombie_extreme:pill_night_vision":1,"zombie_extreme:infected_hazmat_spawn_egg":1,"zombie_extreme:lamp":5,"minecraft:oak_sign":1,"beyond_earth:rocket_t1":1,"zombie_extreme:demolisher_spawn_egg":1,"beyond_earth:alien_zombie_spawn_egg":1,"beyond_earth:earth_globe":1,"zombie_extreme:drinks_vending_machine":1,"zombie_extreme:assasin_black_ops_spawn_egg":1,"zombie_extreme:cash_register":1,"endofherobrine:glowing_obsidian":1,"zombie_extreme:plastic_fence":11,"beyond_earth:water_pump":1,"zombie_extreme:iron_table":8,"beyond_earth:rocket_launch_pad":20,"zombie_extreme:infected_juggernaut_spawn_egg":2,"scalinghealth:heart_crystal":64,"zombie_extreme:experimental_serum":1,"beyond_earth:solar_panel":1,"mca:female_villager_spawn_egg":1,"beyond_earth:glacio_globe":1,"zombie_extreme:golf_club":5,"beyond_earth:pygro_spawn_egg":1,"zombie_extreme:military_spawn_egg":1,"zombie_extreme:bandage":1,"zombie_extreme:cupboard":2}},"DataVersion":2975}