{"stats":{"minecraft:killed":{"zombie_extreme:infected_military":1,"born_in_chaos_v1:decrepit_skeleton":1},"minecraft:killed_by":{"minecraft:zombie":1},"minecraft:custom":{"minecraft:time_since_rest":4557,"minecraft:damage_taken":537,"minecraft:crouch_one_cm":684,"minecraft:sprint_one_cm":318,"minecraft:play_time":12143,"minecraft:deaths":2,"tombstone:undead_killed":1,"minecraft:walk_one_cm":11683,"minecraft:sneak_time":205,"minecraft:mob_kills":2,"minecraft:jump":26,"minecraft:damage_dealt":10,"minecraft:leave_game":1,"minecraft:time_since_death":4532,"minecraft:climb_one_cm":514,"minecraft:total_world_time":12143,"minecraft:fall_one_cm":539,"minecraft:fly_one_cm":2350},"minecraft:picked_up":{"bunker_down:steel_block":6,"minecraft:light_gray_concrete":17,"minecraft:light_gray_bed":5,"minecraft:ladder":10,"bunker_down:steel_vent":3,"minecraft:smooth_stone":3,"minecraft:gunpowder":3,"minecraft:cobblestone":9,"bunker_down:steel_block_slab":2},"minecraft:used":{"horror_element_mod:scientist_body":5}},"DataVersion":2975}