{"stats":{"minecraft:mined":{"immersive_weathering:frosty_glass_pane":1,"quark:shale":2,"minecraft:granite":4,"minecraft:iron_ore":4,"minecraft:andesite":4,"minecraft:cave_vines":3,"minecraft:stone":21,"minecraft:glass_pane":3,"minecraft:cobblestone":13,"minecraft:diorite":4,"minecraft:wall_torch":1,"minecraft:dirt":2},"minecraft:dropped":{"minecraft:iron_ingot":2,"minecraft:glass_bottle":1,"born_in_chaos_v1:monster_flesh":1,"minecraft:iron_block":1,"tombstone:grave_key":6},"minecraft:killed_by":{"minecraft:player":1,"minecraft:spider":1,"hordes:zombie_player":2,"born_in_chaos_v1:zombie_clown":1,"zombie_extreme:infected_police":2,"zombiemobs:zombie_ocelot":1,"zombie_extreme:infected_military":1,"minecraft:zombie":4,"zombiemobs:zombie_chicken":1,"graveyard:corrupted_vindicator":1,"born_in_chaos_v1:dread_hound":1,"rottencreatures:frostbitten":1,"zombiemobs:zombie_llama":1},"minecraft:used":{"zombie_extreme:cleaver":5,"minecraft:stone_sword":7,"quark:shale":7,"born_in_chaos_v1:intoxicating_decoction":1,"minecraft:stone":7,"minecraft:rotten_flesh":3,"minecraft:torch":73,"minecraft:dirt":1,"scalinghealth:heart_crystal":9,"minecraft:granite":68,"hunting_delight:cookedhumanmeat":7,"minecraft:furnace":2,"tombstone:gift":3,"minecraft:glass_bottle":15,"minecraft:stone_pickaxe":65,"minecraft:glow_berries":4,"born_in_chaos_v1:holiday_candy":5,"minecraft:potion":17,"minecraft:cobblestone":129},"minecraft:custom":{"minecraft:mob_kills":172,"minecraft:interact_with_crafting_table":9,"minecraft:damage_dealt_resisted":1719,"minecraft:leave_game":10,"minecraft:time_since_death":6894,"minecraft:climb_one_cm":2006,"minecraft:sprint_one_cm":187277,"minecraft:walk_one_cm":470604,"minecraft:drop":10,"minecraft:play_time":113740,"minecraft:deaths":20,"minecraft:sneak_time":8317,"minecraft:jump":1391,"minecraft:interact_with_brewingstand":1,"minecraft:walk_on_water_one_cm":60,"minecraft:total_world_time":113740,"minecraft:interact_with_furnace":25,"minecraft:time_since_rest":7081,"minecraft:damage_taken":8257,"tombstone:sneak_grave":1,"minecraft:damage_dealt":1249,"minecraft:fly_one_cm":319392,"minecraft:player_kills":1,"minecraft:open_chest":40,"minecraft:crouch_one_cm":20859,"tombstone:undead_killed":85,"tombstone:villager_killed":1,"minecraft:fall_one_cm":8370},"minecraft:picked_up":{"zombie_extreme:cleaver":1,"rottencreatures:frozen_rotten_flesh":2,"minecraft:chainmail_boots":1,"minecraft:chicken":12,"minecraft:potion":6,"tombstone:grave_key":1,"immersive_weathering:ash_layer_block":6,"minecraft:string":32,"minecraft:raw_copper":135,"born_in_chaos_v1:intoxicating_decoction":2,"graveyard:corruption":3,"tac:tti_g34":1,"quark:spruce_chest":2,"minecraft:bucket":1,"minecraft:spruce_planks":5,"butchersdelightfoods:porkribs":1,"minecraft:furnace":2,"minecraft:phantom_membrane":1,"minecraft:egg":2,"minecraft:tipped_arrow":2,"minecraft:stick":3,"minecraft:raw_iron":11,"immersiveengineering:shader_bag_epic":1,"minecraft:stone":5,"hunting_delight:humanmeat":13,"hunting_delight:cookedhumanmeat":6,"minecraft:torch":8,"minecraft:bowl":1,"sophisticatedbackpacks:backpack":1,"minecraft:porkchop":2,"tombstone:grave_dust":25,"minecraft:diorite":24,"zombie_extreme:gas_mask_helmet":1,"minecraft:carrot":2,"minecraft:stone_sword":1,"minecraft:arrow":52,"minecraft:rotten_flesh":187,"immersiveengineering:shader":1,"butchersdelightfoods:ham":1,"zombie_extreme:rotten_apple":3,"minecraft:glow_berries":1,"hunting_delight:chickencorpse":1,"minecraft:snowball":1,"minecraft:cobblestone":692,"born_in_chaos_v1:corpse_maggot":26,"minecraft:feather":14,"born_in_chaos_v1:monster_flesh":8,"minecraft:glow_ink_sac":13,"minecraft:andesite":6,"minecraft:leather":2,"minecraft:potato":1,"scalinghealth:bandages":3,"minecraft:golden_boots":1,"minecraft:gunpowder":10,"scalinghealth:heart_crystal":15,"minecraft:paper":2,"minecraft:dirt":3,"zombie_extreme:raw_steel":12,"tombstone:gift":1,"born_in_chaos_v1:monster_skin":3,"minecraft:bone":150,"minecraft:bow":1,"minecraft:wheat_seeds":2,"minecraft:raw_gold":2,"minecraft:rabbit_hide":2,"minecraft:iron_ingot":1,"minecraft:stone_pickaxe":5,"scalinghealth:power_crystal_shard":5,"hunting_delight:rawsquid":7,"tombstone:bag_of_seeds":2,"zombie_extreme:cloth":2,"minecraft:rabbit":2,"minecraft:glass_bottle":3,"scalinghealth:heart_crystal_shard":19,"minecraft:milk_bucket":3,"quark:shale":15,"minecraft:gravel":67,"butchersdelightfoods:porkloin":1,"minecraft:spider_eye":17,"minecraft:bundle":3,"minecraft:slime_ball":2,"minecraft:sugar":2,"tombstone:familiar_stone":1,"hunting_delight:huntingknife":1,"minecraft:granite":165,"minecraft:chainmail_helmet":2,"tombstone:magic_scroll":3,"born_in_chaos_v1:rotten_fish":1,"minecraft:bricks":4,"minecraft:coal":38},"minecraft:crafted":{"zombie_extreme:ignotsteel":3,"minecraft:spruce_planks":8,"minecraft:air":0,"minecraft:shield":1,"minecraft:stick":8,"minecraft:iron_ingot":12,"minecraft:stone_sword":1,"minecraft:iron_block":1,"hunting_delight:cookedhumanmeat":5},"minecraft:killed":{"mca:female_zombie_villager":6,"mca:male_zombie_villager":2,"hordes:zombie_player":4,"zombie_extreme:night_hunter":2,"graveyard:corrupted_vindicator":1,"graveyard:revenant":1,"minecraft:spider":4,"zombiemobs:zombie_sheep":1,"zombiemobs:zombie_llama":1,"born_in_chaos_v1:maggot":10,"minecraft:phantom":1,"creeperoverhaul:snowy_creeper":2,"minecraft:skeleton":4,"minecraft:chicken":3,"born_in_chaos_v1:corpse_fish":1,"zombiemobs:zombie_wolf":1,"zombiemobs:zombie_bear":1,"zombiemobs:zombie_cow":2,"rottencreatures:undead_miner":1,"zombiemobs:zombie_cat":1,"zombie_extreme:infected_military":1,"endofherobrine:villager":1,"zombie_extreme:infected":2,"born_in_chaos_v1:baby_skeleton":1,"born_in_chaos_v1:swarmer":3,"born_in_chaos_v1:wither_scuttler":1,"rottencreatures:glacial_hunter":1,"zombie_extreme:military":1,"zombiemobs:zombie_fox":1,"born_in_chaos_v1:phantom_creeper_copy":1,"minecraft:zombie":44,"born_in_chaos_v1:dread_hound":4,"born_in_chaos_v1:corpse_fly":10,"minecraft:stray":6,"zombie_extreme:infected_police":2,"zombiemobs:zombie_goat":3,"mca:male_villager":1,"minecraft:glow_squid":7,"born_in_chaos_v1:door_knight":1}},"DataVersion":2975}