{"stats":{"minecraft:used":{"minecraft:rotten_flesh":2},"minecraft:custom":{"minecraft:jump":36,"minecraft:time_since_rest":4353,"minecraft:damage_dealt":40,"minecraft:crouch_one_cm":532,"minecraft:interact_with_furnace":1,"minecraft:sprint_one_cm":1145,"minecraft:play_time":4353,"minecraft:damage_taken":556,"minecraft:time_since_death":4353,"minecraft:walk_one_cm":13834,"minecraft:sneak_time":659,"minecraft:total_world_time":4353,"minecraft:fly_one_cm":710},"minecraft:picked_up":{"minecraft:rotten_flesh":2,"minecraft:cobblestone":1}},"DataVersion":2975}