{"stats":{"minecraft:mined":{"immersive_weathering:frosty_glass_pane":1,"minecraft:glass_pane":3,"quark:shale":2,"minecraft:granite":4,"minecraft:cobblestone":13,"minecraft:diorite":4,"minecraft:wall_torch":1,"minecraft:iron_ore":4,"minecraft:andesite":4,"minecraft:cave_vines":3,"minecraft:dirt":2,"minecraft:stone":21},"minecraft:dropped":{"minecraft:iron_ingot":2,"minecraft:glass_bottle":1,"born_in_chaos_v1:monster_flesh":1,"minecraft:iron_block":1,"tombstone:grave_key":6},"minecraft:killed_by":{"minecraft:player":1,"zombie_extreme:infected_military":1,"minecraft:spider":1,"minecraft:zombie":3,"zombiemobs:zombie_chicken":1,"graveyard:corrupted_vindicator":1,"hordes:zombie_player":2,"born_in_chaos_v1:zombie_clown":1,"born_in_chaos_v1:dread_hound":1,"zombie_extreme:infected_police":2,"rottencreatures:frostbitten":1,"zombiemobs:zombie_llama":1},"minecraft:used":{"zombie_extreme:cleaver":5,"minecraft:stone_sword":7,"minecraft:glass_bottle":15,"minecraft:stone_pickaxe":65,"quark:shale":7,"born_in_chaos_v1:intoxicating_decoction":1,"minecraft:stone":7,"minecraft:rotten_flesh":3,"minecraft:torch":1,"minecraft:glow_berries":4,"minecraft:dirt":1,"scalinghealth:heart_crystal":9,"born_in_chaos_v1:holiday_candy":5,"minecraft:granite":64,"hunting_delight:cookedhumanmeat":7,"minecraft:cobblestone":129,"minecraft:potion":17,"minecraft:furnace":2,"tombstone:gift":3},"minecraft:custom":{"minecraft:interact_with_furnace":25,"minecraft:mob_kills":61,"minecraft:interact_with_crafting_table":9,"minecraft:damage_dealt_resisted":333,"minecraft:leave_game":9,"minecraft:time_since_death":19187,"minecraft:climb_one_cm":1982,"minecraft:time_since_rest":19213,"minecraft:sprint_one_cm":150701,"minecraft:damage_taken":7262,"minecraft:walk_one_cm":395553,"tombstone:sneak_grave":1,"minecraft:drop":10,"minecraft:damage_dealt":1228,"minecraft:fly_one_cm":290023,"minecraft:open_chest":39,"minecraft:play_time":102858,"minecraft:crouch_one_cm":20539,"minecraft:sneak_time":8223,"tombstone:undead_killed":37,"minecraft:deaths":18,"minecraft:jump":1249,"minecraft:interact_with_brewingstand":1,"minecraft:walk_on_water_one_cm":60,"minecraft:total_world_time":102858,"minecraft:fall_one_cm":7686},"minecraft:picked_up":{"rottencreatures:frozen_rotten_flesh":2,"born_in_chaos_v1:corpse_maggot":10,"zombie_extreme:cleaver":1,"minecraft:feather":2,"minecraft:chainmail_boots":1,"born_in_chaos_v1:monster_flesh":6,"minecraft:andesite":4,"minecraft:leather":1,"minecraft:potion":6,"tombstone:grave_key":1,"minecraft:gunpowder":9,"scalinghealth:heart_crystal":5,"immersive_weathering:ash_layer_block":6,"minecraft:string":30,"minecraft:dirt":2,"minecraft:paper":2,"zombie_extreme:raw_steel":12,"tombstone:gift":1,"minecraft:raw_copper":100,"born_in_chaos_v1:monster_skin":1,"born_in_chaos_v1:intoxicating_decoction":2,"minecraft:bone":144,"graveyard:corruption":1,"minecraft:bow":1,"quark:spruce_chest":2,"minecraft:wheat_seeds":2,"minecraft:raw_gold":2,"minecraft:bucket":1,"minecraft:spruce_planks":5,"minecraft:iron_ingot":1,"minecraft:stone_pickaxe":4,"tombstone:bag_of_seeds":2,"zombie_extreme:cloth":1,"minecraft:glass_bottle":1,"minecraft:phantom_membrane":1,"minecraft:furnace":2,"minecraft:egg":1,"immersiveengineering:shader_bag_epic":1,"minecraft:raw_iron":11,"minecraft:stick":3,"minecraft:tipped_arrow":2,"scalinghealth:heart_crystal_shard":16,"minecraft:milk_bucket":3,"quark:shale":15,"hunting_delight:humanmeat":12,"minecraft:torch":6,"minecraft:bowl":1,"hunting_delight:cookedhumanmeat":6,"sophisticatedbackpacks:backpack":1,"minecraft:gravel":53,"tombstone:grave_dust":13,"minecraft:diorite":24,"zombie_extreme:gas_mask_helmet":1,"minecraft:carrot":1,"minecraft:spider_eye":16,"minecraft:bundle":1,"minecraft:stone_sword":1,"minecraft:arrow":52,"minecraft:rotten_flesh":124,"minecraft:sugar":2,"tombstone:familiar_stone":1,"hunting_delight:huntingknife":1,"immersiveengineering:shader":1,"minecraft:granite":165,"zombie_extreme:rotten_apple":2,"minecraft:chainmail_helmet":2,"tombstone:magic_scroll":3,"minecraft:glow_berries":1,"minecraft:bricks":4,"minecraft:coal":34,"minecraft:snowball":1,"minecraft:cobblestone":658},"minecraft:crafted":{"minecraft:spruce_planks":8,"zombie_extreme:ignotsteel":3,"minecraft:air":0,"minecraft:shield":1,"minecraft:stick":8,"minecraft:iron_ingot":12,"minecraft:iron_block":1,"minecraft:stone_sword":1,"hunting_delight:cookedhumanmeat":5},"minecraft:killed":{"mca:female_zombie_villager":1,"rottencreatures:undead_miner":1,"zombiemobs:zombie_cat":1,"hordes:zombie_player":2,"zombie_extreme:night_hunter":2,"born_in_chaos_v1:baby_skeleton":1,"born_in_chaos_v1:wither_scuttler":1,"graveyard:revenant":1,"minecraft:spider":4,"zombiemobs:zombie_sheep":1,"zombiemobs:zombie_llama":1,"creeperoverhaul:snowy_creeper":1,"zombie_extreme:military":1,"minecraft:phantom":1,"born_in_chaos_v1:maggot":2,"zombiemobs:zombie_fox":1,"minecraft:skeleton":4,"born_in_chaos_v1:phantom_creeper_copy":1,"minecraft:zombie":13,"born_in_chaos_v1:dread_hound":3,"minecraft:stray":6,"zombie_extreme:infected_police":2,"zombiemobs:zombie_goat":2,"zombiemobs:zombie_wolf":1,"zombiemobs:zombie_cow":1}},"DataVersion":2975}