{"stats":{"minecraft:mined":{"immersive_weathering:frosty_glass_pane":1,"minecraft:glass_pane":3,"quark:shale":2,"minecraft:cobblestone":12,"minecraft:wall_torch":1,"minecraft:iron_ore":4,"minecraft:cave_vines":3,"minecraft:dirt":2,"minecraft:stone":3},"minecraft:dropped":{"minecraft:iron_ingot":2,"minecraft:glass_bottle":1,"born_in_chaos_v1:monster_flesh":1,"minecraft:iron_block":1,"tombstone:grave_key":6},"minecraft:killed_by":{"minecraft:player":1,"zombie_extreme:infected_military":1,"minecraft:spider":1,"minecraft:zombie":2,"zombiemobs:zombie_chicken":1,"graveyard:corrupted_vindicator":1,"hordes:zombie_player":2,"born_in_chaos_v1:zombie_clown":1,"born_in_chaos_v1:dread_hound":1,"zombie_extreme:infected_police":2,"rottencreatures:frostbitten":1,"zombiemobs:zombie_llama":1},"minecraft:used":{"zombie_extreme:cleaver":5,"minecraft:stone_sword":7,"minecraft:glass_bottle":15,"minecraft:stone_pickaxe":25,"quark:shale":7,"born_in_chaos_v1:intoxicating_decoction":1,"minecraft:stone":7,"minecraft:rotten_flesh":3,"minecraft:glow_berries":4,"minecraft:dirt":1,"scalinghealth:heart_crystal":4,"born_in_chaos_v1:holiday_candy":5,"minecraft:granite":64,"hunting_delight:cookedhumanmeat":7,"minecraft:cobblestone":129,"minecraft:potion":17,"minecraft:furnace":2,"tombstone:gift":3},"minecraft:custom":{"minecraft:interact_with_furnace":24,"minecraft:mob_kills":30,"minecraft:interact_with_crafting_table":9,"minecraft:damage_dealt_resisted":141,"minecraft:leave_game":6,"minecraft:time_since_death":535,"minecraft:climb_one_cm":1982,"minecraft:time_since_rest":561,"minecraft:sprint_one_cm":110122,"minecraft:damage_taken":6667,"minecraft:walk_one_cm":283784,"tombstone:sneak_grave":1,"minecraft:drop":10,"minecraft:damage_dealt":944,"minecraft:fly_one_cm":253384,"minecraft:open_chest":20,"minecraft:play_time":81369,"minecraft:crouch_one_cm":16884,"minecraft:sneak_time":7051,"tombstone:undead_killed":17,"minecraft:deaths":17,"minecraft:jump":1084,"minecraft:interact_with_brewingstand":1,"minecraft:walk_on_water_one_cm":39,"minecraft:total_world_time":81369,"minecraft:fall_one_cm":7049},"minecraft:picked_up":{"born_in_chaos_v1:corpse_maggot":10,"zombie_extreme:cleaver":1,"minecraft:feather":2,"born_in_chaos_v1:monster_flesh":2,"minecraft:potion":6,"tombstone:grave_key":1,"minecraft:gunpowder":6,"scalinghealth:heart_crystal":4,"immersive_weathering:ash_layer_block":3,"minecraft:string":3,"minecraft:dirt":2,"minecraft:paper":2,"zombie_extreme:raw_steel":12,"tombstone:gift":1,"minecraft:raw_copper":21,"born_in_chaos_v1:monster_skin":1,"born_in_chaos_v1:intoxicating_decoction":2,"minecraft:bone":6,"minecraft:wheat_seeds":1,"minecraft:raw_gold":1,"minecraft:bucket":1,"minecraft:spruce_planks":3,"minecraft:stone_pickaxe":3,"tombstone:bag_of_seeds":1,"minecraft:glass_bottle":1,"minecraft:furnace":2,"minecraft:egg":1,"minecraft:raw_iron":11,"minecraft:stick":3,"minecraft:milk_bucket":3,"quark:shale":10,"hunting_delight:humanmeat":8,"minecraft:torch":3,"minecraft:bowl":1,"hunting_delight:cookedhumanmeat":2,"minecraft:gravel":53,"tombstone:grave_dust":4,"minecraft:spider_eye":10,"minecraft:stone_sword":1,"minecraft:arrow":17,"minecraft:rotten_flesh":20,"minecraft:sugar":2,"minecraft:granite":108,"zombie_extreme:rotten_apple":2,"minecraft:chainmail_helmet":1,"minecraft:glow_berries":1,"minecraft:bricks":4,"minecraft:coal":19,"minecraft:cobblestone":488},"minecraft:crafted":{"minecraft:spruce_planks":8,"zombie_extreme:ignotsteel":3,"minecraft:air":0,"minecraft:shield":1,"minecraft:stick":4,"minecraft:iron_ingot":12,"minecraft:iron_block":1,"minecraft:stone_sword":1,"hunting_delight:cookedhumanmeat":5},"minecraft:killed":{"rottencreatures:undead_miner":1,"zombiemobs:zombie_cat":1,"hordes:zombie_player":1,"born_in_chaos_v1:baby_skeleton":1,"born_in_chaos_v1:wither_scuttler":1,"minecraft:spider":2,"zombiemobs:zombie_llama":1,"born_in_chaos_v1:maggot":1,"minecraft:phantom":1,"zombiemobs:zombie_fox":1,"minecraft:skeleton":3,"minecraft:zombie":6,"born_in_chaos_v1:dread_hound":3,"minecraft:stray":1,"zombie_extreme:infected_police":1,"zombiemobs:zombie_goat":1}},"DataVersion":2975}