{"stats":{"minecraft:killed_by":{"minecraft:zombie":1},"minecraft:custom":{"minecraft:jump":8,"minecraft:time_since_rest":353,"minecraft:deaths":1,"minecraft:play_time":2244,"minecraft:damage_taken":537,"minecraft:time_since_death":319,"minecraft:walk_one_cm":922,"minecraft:sneak_time":18,"minecraft:climb_one_cm":514,"minecraft:total_world_time":2244,"minecraft:fall_one_cm":539,"minecraft:fly_one_cm":1477},"minecraft:picked_up":{"bunker_down:steel_block":6,"minecraft:light_gray_bed":2,"minecraft:ladder":8,"minecraft:gunpowder":3,"minecraft:smooth_stone":1,"bunker_down:steel_vent":3,"minecraft:cobblestone":3}},"DataVersion":2975}