{"stats":{"minecraft:killed":{"zombie_extreme:infected_military":1,"born_in_chaos_v1:decrepit_skeleton":1},"minecraft:killed_by":{"minecraft:zombie":1,"zombie_extreme:crawler":1},"minecraft:custom":{"minecraft:time_since_rest":3313,"minecraft:damage_taken":1282,"minecraft:crouch_one_cm":1095,"minecraft:play_time":23937,"minecraft:sprint_one_cm":4037,"minecraft:deaths":3,"tombstone:undead_killed":1,"minecraft:walk_one_cm":45908,"minecraft:sneak_time":304,"minecraft:walk_under_water_one_cm":2404,"minecraft:mob_kills":2,"minecraft:jump":85,"minecraft:damage_dealt":179,"minecraft:leave_game":3,"minecraft:time_since_death":3129,"minecraft:walk_on_water_one_cm":1877,"minecraft:total_world_time":23937,"minecraft:climb_one_cm":9126,"minecraft:fall_one_cm":1292,"minecraft:fly_one_cm":5737},"minecraft:picked_up":{"minecraft:birch_log":2,"bunker_down:steel_block":6,"minecraft:light_gray_concrete":17,"minecraft:light_gray_bed":6,"minecraft:ladder":10,"bunker_down:steel_vent":3,"minecraft:smooth_stone":3,"minecraft:gunpowder":3,"minecraft:cobblestone":9,"bunker_down:steel_block_slab":2},"minecraft:crafted":{"minecraft:birch_planks":8},"minecraft:mined":{"minecraft:birch_log":3,"immersive_weathering:birch_leaf_pile":3},"minecraft:used":{"horror_element_mod:scientist_body":5,"tombstone:gift":2}},"DataVersion":2975}