{"stats":{"minecraft:mined":{"immersive_weathering:frosty_glass_pane":1,"minecraft:glass_pane":3,"quark:shale":2,"minecraft:iron_ore":4,"minecraft:cave_vines":3,"minecraft:dirt":2,"minecraft:cobblestone":12,"minecraft:stone":3,"minecraft:wall_torch":1},"minecraft:dropped":{"tombstone:grave_key":6},"minecraft:killed_by":{"graveyard:corrupted_vindicator":1,"hordes:zombie_player":2,"born_in_chaos_v1:zombie_clown":1,"zombie_extreme:infected_military":1,"born_in_chaos_v1:dread_hound":1,"minecraft:spider":1,"minecraft:zombie":2,"zombie_extreme:infected_police":2,"rottencreatures:frostbitten":1,"zombiemobs:zombie_llama":1,"zombiemobs:zombie_chicken":1},"minecraft:used":{"minecraft:stone_sword":7,"zombie_extreme:cleaver":5,"minecraft:stone_pickaxe":25,"quark:shale":7,"minecraft:stone":7,"minecraft:rotten_flesh":3,"minecraft:glow_berries":4,"minecraft:dirt":1,"minecraft:cobblestone":79,"tombstone:gift":3,"born_in_chaos_v1:holiday_candy":5,"minecraft:granite":62},"minecraft:custom":{"minecraft:time_since_rest":8927,"minecraft:sprint_one_cm":97147,"minecraft:interact_with_furnace":9,"minecraft:damage_taken":5663,"minecraft:walk_one_cm":163680,"tombstone:sneak_grave":1,"minecraft:mob_kills":4,"minecraft:drop":6,"minecraft:damage_dealt":944,"minecraft:interact_with_crafting_table":4,"minecraft:open_chest":10,"minecraft:fly_one_cm":251138,"minecraft:play_time":64056,"minecraft:crouch_one_cm":15782,"minecraft:sneak_time":6694,"minecraft:deaths":16,"minecraft:damage_dealt_resisted":8,"minecraft:jump":974,"minecraft:interact_with_brewingstand":1,"minecraft:leave_game":4,"minecraft:time_since_death":8903,"minecraft:total_world_time":64056,"minecraft:climb_one_cm":1982,"minecraft:fall_one_cm":6780},"minecraft:picked_up":{"born_in_chaos_v1:corpse_maggot":10,"zombie_extreme:cleaver":1,"minecraft:stick":3,"minecraft:raw_iron":11,"minecraft:milk_bucket":3,"minecraft:feather":2,"quark:shale":10,"hunting_delight:humanmeat":4,"minecraft:torch":2,"minecraft:potion":4,"tombstone:grave_key":1,"tombstone:grave_dust":1,"minecraft:gunpowder":6,"zombie_extreme:raw_steel":12,"minecraft:paper":2,"minecraft:spider_eye":10,"minecraft:dirt":2,"minecraft:string":1,"tombstone:gift":1,"born_in_chaos_v1:intoxicating_decoction":2,"minecraft:stone_sword":1,"minecraft:bone":4,"minecraft:arrow":13,"minecraft:sugar":2,"minecraft:rotten_flesh":5,"minecraft:spruce_planks":3,"minecraft:granite":33,"minecraft:stone_pickaxe":3,"minecraft:glow_berries":1,"minecraft:cobblestone":128},"minecraft:crafted":{"minecraft:spruce_planks":4,"minecraft:stick":4,"minecraft:iron_ingot":12,"minecraft:stone_sword":1,"zombie_extreme:ignotsteel":3,"minecraft:air":0},"minecraft:killed":{"born_in_chaos_v1:wither_scuttler":1,"zombie_extreme:infected_police":1,"minecraft:spider":1}},"DataVersion":2975}