{"stats":{"minecraft:mined":{"immersive_weathering:frosty_glass_pane":1,"minecraft:glass_pane":3,"quark:shale":2,"minecraft:iron_ore":4,"minecraft:cave_vines":3,"minecraft:dirt":2,"minecraft:cobblestone":12,"minecraft:stone":3,"minecraft:wall_torch":1},"minecraft:dropped":{"tombstone:grave_key":4},"minecraft:used":{"minecraft:stone_sword":7,"zombie_extreme:cleaver":5,"minecraft:stone_pickaxe":25,"quark:shale":1,"minecraft:rotten_flesh":3,"minecraft:glow_berries":4,"minecraft:dirt":1,"minecraft:cobblestone":12,"tombstone:gift":3,"born_in_chaos_v1:holiday_candy":5,"minecraft:granite":18},"minecraft:killed_by":{"graveyard:corrupted_vindicator":1,"hordes:zombie_player":2,"zombie_extreme:infected_military":1,"minecraft:spider":1,"minecraft:zombie":2,"zombie_extreme:infected_police":2,"zombiemobs:zombie_llama":1},"minecraft:custom":{"minecraft:time_since_rest":2170,"minecraft:sprint_one_cm":67847,"minecraft:interact_with_furnace":5,"minecraft:damage_taken":4418,"minecraft:walk_one_cm":126572,"tombstone:sneak_grave":1,"minecraft:mob_kills":4,"minecraft:drop":4,"minecraft:damage_dealt":849,"minecraft:interact_with_crafting_table":3,"minecraft:open_chest":5,"minecraft:fly_one_cm":186592,"minecraft:play_time":47452,"minecraft:crouch_one_cm":13189,"minecraft:deaths":12,"minecraft:sneak_time":5971,"minecraft:damage_dealt_resisted":8,"minecraft:jump":786,"minecraft:interact_with_brewingstand":1,"minecraft:leave_game":3,"minecraft:time_since_death":2146,"minecraft:total_world_time":47452,"minecraft:climb_one_cm":1982,"minecraft:fall_one_cm":4671},"minecraft:picked_up":{"zombie_extreme:cleaver":1,"born_in_chaos_v1:corpse_maggot":10,"minecraft:stick":3,"minecraft:raw_iron":11,"minecraft:milk_bucket":3,"minecraft:feather":2,"quark:shale":4,"hunting_delight:humanmeat":4,"minecraft:torch":2,"minecraft:potion":4,"tombstone:grave_key":1,"tombstone:grave_dust":1,"minecraft:gunpowder":6,"minecraft:spider_eye":10,"zombie_extreme:raw_steel":12,"minecraft:dirt":2,"minecraft:paper":2,"tombstone:gift":1,"born_in_chaos_v1:intoxicating_decoction":2,"minecraft:stone_sword":1,"minecraft:arrow":13,"minecraft:bone":4,"minecraft:rotten_flesh":3,"minecraft:sugar":2,"minecraft:spruce_planks":3,"minecraft:granite":33,"minecraft:stone_pickaxe":3,"minecraft:glow_berries":1,"minecraft:cobblestone":109},"minecraft:crafted":{"minecraft:stick":4,"minecraft:stone_sword":1,"zombie_extreme:ignotsteel":3,"minecraft:air":0},"minecraft:killed":{"born_in_chaos_v1:wither_scuttler":1,"zombie_extreme:infected_police":1,"minecraft:spider":1}},"DataVersion":2975}