{"stats":{"minecraft:killed_by":{"zombie_extreme:night_hunter":1,"minecraft:zombie":3,"zombie_extreme:crawler":1},"minecraft:killed":{"mca:male_zombie_villager":1,"zombie_extreme:boomer":1,"zombie_extreme:infected_military":1,"minecraft:spider":1,"man:manfromthefog":1,"minecraft:creeper":1,"born_in_chaos_v1:decrepit_skeleton":1,"minecraft:zombie":1,"born_in_chaos_v1:dread_hound":1},"minecraft:dropped":{"minecraft:wheat_seeds":1,"minecraft:cobblestone":1,"minecraft:light_gray_concrete":14,"minecraft:cobweb":1,"horror_element_mod:green_blood_1":1,"tombstone:grave_key":3,"sanitydim:garland":1,"bunker_down:underroot_stage_1":1,"minecraft:wooden_pickaxe":1,"zombie_extreme:soda":1,"minecraft:bone":1},"minecraft:custom":{"minecraft:mob_kills":10,"minecraft:interact_with_crafting_table":4,"minecraft:damage_dealt_resisted":16,"minecraft:leave_game":6,"minecraft:time_since_death":19308,"minecraft:climb_one_cm":9478,"minecraft:time_since_rest":19340,"minecraft:sprint_one_cm":29907,"minecraft:damage_taken":4707,"minecraft:walk_one_cm":170778,"minecraft:drop":15,"minecraft:damage_dealt":3632,"minecraft:swim_one_cm":5326,"minecraft:fly_one_cm":51500,"minecraft:play_time":61604,"minecraft:crouch_one_cm":2886,"minecraft:sneak_time":1130,"tombstone:undead_killed":3,"minecraft:deaths":7,"minecraft:walk_under_water_one_cm":5908,"minecraft:jump":421,"minecraft:walk_on_water_one_cm":12002,"minecraft:total_world_time":61604,"minecraft:fall_one_cm":6078},"minecraft:picked_up":{"minecraft:birch_log":2,"born_in_chaos_v1:corpse_maggot":1,"minecraft:magma_block":1,"minecraft:ladder":10,"minecraft:andesite":14,"minecraft:wooden_pickaxe":1,"bunker_down:steel_vent":3,"minecraft:potion":1,"minecraft:oak_log":6,"tombstone:grave_key":1,"toughasnails:purified_water_bottle":1,"minecraft:gunpowder":3,"scalinghealth:heart_crystal":2,"sanitydim:garland":1,"minecraft:raw_copper":74,"minecraft:dirt":71,"minecraft:string":2,"tombstone:gift":1,"bunker_down:steel_block":6,"minecraft:bone":3,"minecraft:apple":2,"minecraft:wheat_seeds":1,"minecraft:smooth_stone":3,"minecraft:stone_pickaxe":1,"horror_element_mod:green_blood_1":1,"minecraft:cobweb":1,"minecraft:stick":7,"scalinghealth:heart_crystal_shard":14,"hunting_delight:humanmeat":2,"bunker_down:underroot_stage_1":1,"minecraft:torch":10,"tombstone:grave_dust":2,"bunker_down:steel_block_slab":2,"minecraft:stone_sword":1,"minecraft:light_gray_concrete":31,"minecraft:arrow":1,"minecraft:rotten_flesh":16,"minecraft:light_gray_bed":6,"immersiveengineering:seed":1,"horror_element_mod:green_blood_2":2,"minecraft:granite":76,"minecraft:oak_sapling":4,"minecraft:coal":13,"minecraft:cobblestone":83},"minecraft:crafted":{"minecraft:oak_planks":24,"minecraft:crafting_table":1,"minecraft:wooden_pickaxe":1,"minecraft:birch_planks":8,"minecraft:stone_axe":1,"minecraft:stick":4,"minecraft:stone_pickaxe":1,"minecraft:stone_sword":1,"minecraft:torch":8},"minecraft:mined":{"immersive_weathering:birch_leaf_pile":3,"minecraft:granite":16,"minecraft:copper_ore":8,"minecraft:magma_block":1,"minecraft:birch_log":3,"minecraft:grass":1,"minecraft:oak_log":6,"minecraft:coal_ore":14,"minecraft:stone":31,"minecraft:oak_leaves":2,"immersive_weathering:oak_leaf_pile":1},"minecraft:used":{"minecraft:stone_sword":67,"horror_element_mod:scientist_body":5,"minecraft:stone_pickaxe":85,"minecraft:wooden_pickaxe":3,"minecraft:torch":1,"scalinghealth:heart_crystal":19,"sanitydim:garland":1,"minecraft:crafting_table":1,"minecraft:milk_bucket":2,"minecraft:apple":2,"minecraft:potion":16,"minecraft:magma_block":1,"minecraft:cobblestone":2,"toughasnails:purified_water_bottle":7,"minecraft:oak_sapling":2,"zombie_extreme:soda":5,"tombstone:gift":4}},"DataVersion":2975}