{"stats":{"minecraft:killed_by":{"zombie_extreme:night_hunter":1,"minecraft:zombie":2,"zombie_extreme:crawler":1},"minecraft:killed":{"zombie_extreme:infected_military":1,"born_in_chaos_v1:decrepit_skeleton":1},"minecraft:dropped":{"minecraft:cobweb":1,"minecraft:wheat_seeds":1,"horror_element_mod:green_blood_1":1,"tombstone:grave_key":3,"minecraft:cobblestone":1,"bunker_down:underroot_stage_1":1,"minecraft:wooden_pickaxe":1,"minecraft:light_gray_concrete":14,"minecraft:bone":1},"minecraft:custom":{"minecraft:time_since_rest":8037,"minecraft:sprint_one_cm":12376,"minecraft:damage_taken":2210,"minecraft:walk_one_cm":86537,"minecraft:mob_kills":2,"minecraft:drop":13,"minecraft:damage_dealt":466,"minecraft:swim_one_cm":850,"minecraft:interact_with_crafting_table":2,"minecraft:fly_one_cm":27792,"minecraft:crouch_one_cm":2671,"minecraft:play_time":34959,"tombstone:undead_killed":1,"minecraft:deaths":5,"minecraft:sneak_time":853,"minecraft:walk_under_water_one_cm":5262,"minecraft:jump":175,"minecraft:leave_game":4,"minecraft:walk_on_water_one_cm":4487,"minecraft:time_since_death":7998,"minecraft:climb_one_cm":9478,"minecraft:total_world_time":34959,"minecraft:fall_one_cm":2850},"minecraft:picked_up":{"minecraft:birch_log":2,"minecraft:stick":5,"minecraft:magma_block":1,"minecraft:ladder":10,"bunker_down:underroot_stage_1":1,"minecraft:wooden_pickaxe":1,"bunker_down:steel_vent":3,"minecraft:oak_log":6,"tombstone:grave_key":1,"minecraft:gunpowder":3,"minecraft:dirt":71,"bunker_down:steel_block_slab":2,"minecraft:raw_copper":37,"bunker_down:steel_block":6,"minecraft:light_gray_concrete":31,"minecraft:bone":1,"minecraft:light_gray_bed":6,"minecraft:rotten_flesh":1,"minecraft:apple":2,"horror_element_mod:green_blood_2":1,"minecraft:wheat_seeds":1,"minecraft:smooth_stone":3,"horror_element_mod:green_blood_1":1,"minecraft:cobweb":1,"minecraft:oak_sapling":1,"minecraft:coal":3,"minecraft:cobblestone":29},"minecraft:crafted":{"minecraft:oak_planks":24,"minecraft:crafting_table":1,"minecraft:stone_pickaxe":1,"minecraft:wooden_pickaxe":1,"minecraft:birch_planks":8},"minecraft:mined":{"minecraft:magma_block":1,"minecraft:birch_log":3,"immersive_weathering:birch_leaf_pile":3,"minecraft:coal_ore":4,"minecraft:oak_log":6,"minecraft:copper_ore":8,"minecraft:stone":13,"minecraft:oak_leaves":2},"minecraft:used":{"horror_element_mod:scientist_body":5,"minecraft:stone_pickaxe":40,"minecraft:wooden_pickaxe":3,"minecraft:cobblestone":2,"tombstone:gift":2}},"DataVersion":2975}