{"stats":{"minecraft:mined":{"immersive_weathering:frosty_glass_pane":1,"quark:shale":2,"minecraft:granite":4,"minecraft:iron_ore":6,"minecraft:andesite":7,"minecraft:deepslate_iron_ore":4,"minecraft:cave_vines":3,"minecraft:stone":51,"minecraft:glass_pane":3,"minecraft:torch":5,"minecraft:cobblestone":15,"minecraft:lapis_ore":5,"minecraft:diorite":4,"minecraft:wall_torch":2,"zombie_extreme:thorium_ore":2,"minecraft:coal_ore":17,"minecraft:gravel":13,"minecraft:dirt":2},"minecraft:dropped":{"minecraft:iron_ingot":2,"minecraft:glass_bottle":1,"minecraft:apple":54,"born_in_chaos_v1:monster_flesh":1,"minecraft:iron_block":1,"tombstone:grave_key":6},"minecraft:killed_by":{"minecraft:player":1,"minecraft:spider":1,"hordes:zombie_player":2,"born_in_chaos_v1:zombie_clown":1,"zombie_extreme:infected_police":2,"zombiemobs:zombie_ocelot":1,"zombie_extreme:infected_military":1,"minecraft:zombie":5,"zombiemobs:zombie_chicken":1,"graveyard:corrupted_vindicator":1,"born_in_chaos_v1:dread_hound":1,"born_in_chaos_v1:maggot":1,"rottencreatures:frostbitten":1,"zombiemobs:zombie_llama":1},"minecraft:used":{"zombie_extreme:cleaver":5,"minecraft:stone_sword":7,"quark:shale":10,"born_in_chaos_v1:intoxicating_decoction":1,"minecraft:stone":7,"minecraft:rotten_flesh":3,"minecraft:torch":94,"minecraft:dirt":1,"scalinghealth:heart_crystal":10,"marbledsarsenal:winter_military_armor_helmet":1,"minecraft:granite":79,"hunting_delight:cookedhumanmeat":7,"minecraft:bedrock":212,"minecraft:furnace":2,"tombstone:gift":3,"minecraft:diorite":2,"minecraft:glass_bottle":15,"minecraft:stone_pickaxe":65,"minecraft:glow_berries":4,"hunting_delight:humanmeat":1,"born_in_chaos_v1:holiday_candy":5,"minecraft:apple":24,"minecraft:iron_pickaxe":79,"minecraft:potion":17,"minecraft:cobblestone":131,"minecraft:cooked_porkchop":1,"toughasnails:purified_water_bottle":12,"marbledsarsenal:winter_military_armor_chestplate":1,"minecraft:andesite":2,"marbledsarsenal:winter_military_armor_boots":1,"marbledsarsenal:winter_military_armor_leggings":1,"minecraft:splash_potion":6},"minecraft:custom":{"minecraft:mob_kills":450,"minecraft:interact_with_crafting_table":9,"minecraft:damage_dealt_resisted":1719,"minecraft:leave_game":10,"minecraft:time_since_death":5287,"minecraft:climb_one_cm":2006,"minecraft:sprint_one_cm":209428,"minecraft:walk_one_cm":580691,"minecraft:drop":12,"minecraft:play_time":149740,"minecraft:deaths":22,"minecraft:sneak_time":12667,"minecraft:jump":1646,"minecraft:interact_with_brewingstand":1,"minecraft:walk_on_water_one_cm":841,"minecraft:total_world_time":149740,"minecraft:interact_with_furnace":25,"minecraft:time_since_rest":5311,"minecraft:damage_taken":10832,"tombstone:sneak_grave":1,"minecraft:damage_dealt":1300,"minecraft:fly_one_cm":393114,"minecraft:player_kills":2,"minecraft:open_chest":43,"minecraft:crouch_one_cm":28519,"tombstone:undead_killed":96,"tombstone:villager_killed":1,"minecraft:fall_one_cm":23268},"minecraft:picked_up":{"minecraft:seagrass":1,"zombie_extreme:cleaver":1,"rottencreatures:frozen_rotten_flesh":2,"marbledsarsenal:winter_military_armor_boots":2,"minecraft:chainmail_boots":1,"minecraft:chicken":12,"minecraft:potion":6,"marbledsarsenal:winter_military_armor_leggings":2,"marbledsarsenal:winter_military_armor_helmet":2,"tombstone:grave_key":1,"immersive_weathering:ash_layer_block":6,"minecraft:string":34,"minecraft:raw_copper":135,"born_in_chaos_v1:intoxicating_decoction":2,"graveyard:corruption":7,"tac:tti_g34":1,"quark:spruce_chest":2,"minecraft:cobbled_deepslate":126,"minecraft:bucket":1,"minecraft:spruce_planks":5,"minecraft:iron_pickaxe":2,"butchersdelightfoods:porkribs":1,"minecraft:furnace":2,"minecraft:phantom_membrane":2,"minecraft:egg":3,"minecraft:tipped_arrow":2,"minecraft:stick":18,"minecraft:raw_iron":33,"immersiveengineering:shader_bag_epic":1,"minecraft:stone":5,"tac:m4":2,"hunting_delight:humanmeat":18,"hunting_delight:cookedhumanmeat":6,"minecraft:torch":13,"minecraft:bowl":1,"sophisticatedbackpacks:backpack":1,"minecraft:porkchop":5,"minecraft:pointed_dripstone":13,"tombstone:grave_dust":31,"minecraft:diorite":26,"zombie_extreme:gas_mask_helmet":3,"minecraft:carrot":2,"minecraft:stone_sword":1,"minecraft:arrow":59,"minecraft:rotten_flesh":221,"immersiveengineering:shader":1,"butchersdelightfoods:ham":2,"zombie_extreme:rotten_apple":3,"sophisticatedbackpacks:copper_backpack":2,"minecraft:glow_berries":1,"hunting_delight:chickencorpse":1,"minecraft:snowball":1,"minecraft:cobblestone":990,"born_in_chaos_v1:corpse_maggot":33,"minecraft:feather":15,"born_in_chaos_v1:monster_flesh":9,"marbledsarsenal:winter_military_armor_chestplate":2,"minecraft:glow_ink_sac":13,"minecraft:andesite":10,"minecraft:leather":2,"minecraft:potato":1,"minecraft:flint":6,"minecraft:tuff":12,"scalinghealth:bandages":3,"toughasnails:purified_water_bottle":6,"minecraft:golden_boots":1,"minecraft:gunpowder":19,"scalinghealth:heart_crystal":18,"minecraft:lapis_lazuli":117,"minecraft:paper":2,"minecraft:dirt":3,"zombie_extreme:raw_steel":12,"tombstone:gift":1,"born_in_chaos_v1:monster_skin":3,"minecraft:bone":187,"minecraft:apple":104,"minecraft:bow":1,"minecraft:wheat_seeds":2,"minecraft:raw_gold":4,"minecraft:rabbit_hide":2,"tac:nato_556_bullet":220,"minecraft:iron_ingot":1,"minecraft:stone_pickaxe":7,"scalinghealth:power_crystal_shard":5,"hunting_delight:rawsquid":7,"tombstone:bag_of_seeds":2,"zombie_extreme:cloth":3,"minecraft:rabbit":2,"minecraft:glass_bottle":9,"scalinghealth:heart_crystal_shard":19,"minecraft:milk_bucket":3,"minecraft:cooked_porkchop":1,"quark:shale":44,"minecraft:gravel":139,"butchersdelightfoods:porkloin":1,"minecraft:spruce_sapling":17,"butchersdelightfoods:beefribs":2,"minecraft:spider_eye":17,"minecraft:bundle":3,"minecraft:pumpkin_seeds":1,"minecraft:slime_ball":2,"minecraft:sugar":2,"tombstone:familiar_stone":2,"hunting_delight:huntingknife":1,"minecraft:granite":269,"zombie_extreme:raw_thorium":6,"minecraft:chainmail_helmet":2,"tombstone:magic_scroll":5,"born_in_chaos_v1:rotten_fish":1,"zombie_extreme:titan_nugget":1,"minecraft:bricks":4,"minecraft:coal":72,"zombie_extreme:black_ops_magnetic_card":2},"minecraft:crafted":{"zombie_extreme:ignotsteel":3,"minecraft:spruce_planks":8,"minecraft:air":0,"minecraft:shield":1,"minecraft:stick":8,"minecraft:iron_ingot":12,"minecraft:stone_sword":1,"minecraft:iron_block":1,"hunting_delight:cookedhumanmeat":5},"minecraft:killed":{"mca:female_zombie_villager":6,"mca:male_zombie_villager":2,"hordes:zombie_player":6,"zombie_extreme:night_hunter":2,"graveyard:corrupted_vindicator":1,"graveyard:revenant":1,"minecraft:spider":6,"zombiemobs:zombie_sheep":1,"zombiemobs:zombie_llama":1,"born_in_chaos_v1:maggot":14,"minecraft:phantom":2,"creeperoverhaul:snowy_creeper":2,"minecraft:skeleton":7,"minecraft:chicken":3,"endofherobrine:lurker":1,"born_in_chaos_v1:corpse_fish":1,"zombiemobs:zombie_wolf":1,"zombiemobs:zombie_bear":1,"zombiemobs:zombie_cow":2,"rottencreatures:undead_miner":1,"zombiemobs:zombie_cat":2,"zombie_extreme:boomer":1,"zombie_extreme:infected_hazmat":1,"zombie_extreme:infected_military":1,"endofherobrine:villager":1,"zombie_extreme:infected":2,"born_in_chaos_v1:baby_skeleton":1,"endofherobrine:zombie_villager":1,"born_in_chaos_v1:swarmer":3,"born_in_chaos_v1:wither_scuttler":1,"zombie_extreme:bomber":1,"rottencreatures:glacial_hunter":1,"zombie_extreme:military":2,"born_in_chaos_v1:decrepit_skeleton":1,"zombiemobs:zombie_fox":1,"born_in_chaos_v1:phantom_creeper_copy":3,"minecraft:zombie":48,"born_in_chaos_v1:dread_hound":4,"born_in_chaos_v1:corpse_fly":10,"minecraft:stray":6,"zombie_extreme:infected_police":2,"zombiemobs:zombie_goat":3,"mca:male_villager":1,"minecraft:glow_squid":7,"mutantmonsters:mutant_creeper":1,"born_in_chaos_v1:door_knight":1}},"DataVersion":2975}