{"stats":{"minecraft:mined":{"immersive_weathering:frosty_glass_pane":1,"minecraft:glass_pane":3,"quark:shale":2,"minecraft:cave_vines":3,"minecraft:cobblestone":12,"minecraft:wall_torch":1},"minecraft:dropped":{"tombstone:grave_key":2},"minecraft:killed_by":{"minecraft:spider":1,"zombiemobs:zombie_llama":1},"minecraft:used":{"minecraft:stone_pickaxe":15,"minecraft:rotten_flesh":2,"minecraft:glow_berries":3,"minecraft:cobblestone":11,"born_in_chaos_v1:holiday_candy":5,"minecraft:granite":18},"minecraft:custom":{"minecraft:time_since_rest":4887,"minecraft:sprint_one_cm":15310,"minecraft:interact_with_furnace":1,"minecraft:damage_taken":1779,"minecraft:walk_one_cm":54148,"minecraft:drop":2,"minecraft:damage_dealt":60,"minecraft:fly_one_cm":39267,"minecraft:open_chest":3,"minecraft:crouch_one_cm":7721,"minecraft:play_time":18338,"minecraft:deaths":3,"minecraft:sneak_time":3574,"minecraft:jump":270,"minecraft:interact_with_brewingstand":1,"minecraft:leave_game":1,"minecraft:time_since_death":4742,"minecraft:total_world_time":18338,"minecraft:climb_one_cm":1516,"minecraft:fall_one_cm":3292},"minecraft:picked_up":{"born_in_chaos_v1:corpse_maggot":6,"minecraft:raw_iron":3,"minecraft:milk_bucket":2,"minecraft:feather":1,"quark:shale":2,"hunting_delight:humanmeat":4,"minecraft:torch":2,"minecraft:potion":2,"tombstone:grave_key":1,"minecraft:gunpowder":4,"minecraft:spider_eye":5,"minecraft:paper":1,"zombie_extreme:raw_steel":8,"born_in_chaos_v1:intoxicating_decoction":1,"minecraft:arrow":8,"minecraft:sugar":1,"minecraft:rotten_flesh":2,"minecraft:stone_pickaxe":2,"minecraft:granite":33,"minecraft:glow_berries":1,"minecraft:cobblestone":104}},"DataVersion":2975}