{"stats":{"minecraft:mined":{"immersive_weathering:frosty_glass_pane":1,"minecraft:glass_pane":3,"quark:shale":2,"minecraft:iron_ore":4,"minecraft:cave_vines":3,"minecraft:cobblestone":12,"minecraft:stone":3,"minecraft:wall_torch":1},"minecraft:dropped":{"tombstone:grave_key":2},"minecraft:killed_by":{"minecraft:spider":1,"zombie_extreme:infected_police":2,"zombiemobs:zombie_llama":1},"minecraft:used":{"minecraft:stone_pickaxe":25,"minecraft:rotten_flesh":2,"minecraft:glow_berries":3,"minecraft:cobblestone":11,"born_in_chaos_v1:holiday_candy":5,"minecraft:granite":18},"minecraft:custom":{"minecraft:time_since_rest":63,"minecraft:interact_with_furnace":1,"minecraft:sprint_one_cm":20779,"minecraft:damage_taken":2275,"minecraft:walk_one_cm":63202,"minecraft:drop":2,"minecraft:damage_dealt":88,"minecraft:interact_with_crafting_table":1,"minecraft:fly_one_cm":57106,"minecraft:open_chest":3,"minecraft:crouch_one_cm":9757,"minecraft:play_time":22970,"minecraft:deaths":5,"minecraft:sneak_time":4335,"minecraft:jump":364,"minecraft:interact_with_brewingstand":1,"minecraft:leave_game":1,"minecraft:time_since_death":30,"minecraft:climb_one_cm":1516,"minecraft:total_world_time":22970,"minecraft:fall_one_cm":3638},"minecraft:picked_up":{"born_in_chaos_v1:corpse_maggot":6,"minecraft:raw_iron":7,"minecraft:milk_bucket":2,"minecraft:feather":1,"quark:shale":2,"hunting_delight:humanmeat":4,"minecraft:torch":2,"minecraft:potion":2,"tombstone:grave_key":1,"minecraft:gunpowder":4,"minecraft:spider_eye":5,"minecraft:paper":1,"zombie_extreme:raw_steel":8,"born_in_chaos_v1:intoxicating_decoction":1,"minecraft:arrow":8,"minecraft:rotten_flesh":2,"minecraft:sugar":1,"minecraft:spruce_planks":3,"minecraft:stone_pickaxe":2,"minecraft:granite":33,"minecraft:glow_berries":1,"minecraft:cobblestone":107},"minecraft:crafted":{"minecraft:stick":4}},"DataVersion":2975}