{"stats":{"minecraft:dropped":{"minecraft:light_gray_bed":2},"minecraft:custom":{"minecraft:time_since_rest":3810,"minecraft:damage_taken":60,"minecraft:sprint_one_cm":18408,"minecraft:walk_one_cm":113215,"minecraft:drop":2,"minecraft:damage_dealt":50,"minecraft:fly_one_cm":26094,"minecraft:open_chest":4,"minecraft:crouch_one_cm":112,"minecraft:play_time":51866,"minecraft:deaths":2,"minecraft:walk_under_water_one_cm":1200,"minecraft:sneak_time":69,"minecraft:jump":170,"minecraft:leave_game":7,"minecraft:time_since_death":3780,"minecraft:walk_on_water_one_cm":6159,"minecraft:total_world_time":51866,"minecraft:climb_one_cm":18882,"minecraft:fall_one_cm":1127},"minecraft:picked_up":{"minecraft:birch_log":3,"minecraft:stick":3,"immersiveengineering:shader_bag_epic":1,"bunker_down:steel_vent":3,"minecraft:oak_log":5,"minecraft:diorite":15,"minecraft:string":1,"minecraft:light_gray_bed":2,"minecraft:rotten_flesh":2,"minecraft:smooth_stone":2},"minecraft:mined":{"minecraft:birch_log":2,"immersive_weathering:birch_leaf_pile":1,"minecraft:oak_log":5,"immersive_weathering:oak_leaf_pile":1},"minecraft:used":{"bunker_down:steel_vent":4,"horror_element_mod:human_remains":2,"horror_element_mod:dead_experiment":1,"horror_element_mod:broken_tv":2,"bunker_down:steel_block":11,"bunker_down:steel_block_slab":2,"horror_element_mod:broken_light":16,"horror_element_mod:scientist_body":1,"horror_element_mod:dead_cow":3,"minecraft:light_gray_concrete":1,"horror_element_mod:severed_hand":6,"horror_element_mod:phished_head":2,"horror_element_mod:hazzmat_head":3,"horror_element_mod:impaled_head":3,"bunker_down:steel_pressure_plate":3,"fantasyfurniture:bone/skeleton/bed_single":1,"horror_element_mod:hanging_corpse_1":3,"horror_element_mod:sliced_body":3,"horror_element_mod:dead_pig":1,"horror_element_mod:green_blood_1":3,"horror_element_mod:hazzmat_body":1,"horror_element_mod:sign_2":4,"horror_element_mod:impaled_skeleton":2,"horror_element_mod:sign_1":2,"minecraft:cobblestone":1,"horror_element_mod:green_blood_2":3,"horror_element_mod:sound_block":4,"minecraft:sponge":13,"horror_element_mod:marine_body":1,"horror_element_mod:atmosphere_block":1,"horror_element_mod:hospital_bed":10,"minecraft:light_gray_bed":5,"minecraft:smooth_stone":1,"horror_element_mod:blood_1":1,"horror_element_mod:blood_2":1,"horror_element_mod:blood_4":3,"horror_element_mod:blood_3":1}},"DataVersion":2975}