{"stats":{"minecraft:mined":{"minecraft:glass_pane":2,"minecraft:crafting_table":2,"minecraft:granite":42,"hunting_delight:pigcorpse":2,"minecraft:cobblestone":3,"minecraft:copper_ore":34,"minecraft:polished_diorite":4,"minecraft:spruce_leaves":1,"minecraft:wall_torch":3,"immersive_weathering:permafrost":2,"minecraft:magma_block":3,"zombie_extreme:ore_steel":4,"minecraft:spruce_log":6,"minecraft:andesite":1,"minecraft:coal_ore":25,"quark:spruce_chest":1,"minecraft:dirt":26,"minecraft:stone":197,"minecraft:tripwire":4},"minecraft:dropped":{"zombie_extreme:cleaver":1,"hunting_delight:humanmeat":2,"tombstone:gift":1,"minecraft:glow_berries":1,"minecraft:spruce_planks":3,"tombstone:grave_key":1},"minecraft:killed_by":{"tenebrous_lands:demogon":1,"zombiemobs:zombie_ocelot":1,"minecraft:spider":1,"minecraft:zombie":6,"hordes:zombie_player":1,"born_in_chaos_v1:corpse_fly":1,"zombie_extreme:chainsaw":1,"zombie_extreme:infected_police":1,"zombiemobs:zombie_wolf":1},"minecraft:used":{"zombie_extreme:cleaver":43,"minecraft:stone_pickaxe":267,"minecraft:ladder":15,"minecraft:black_carpet":1,"minecraft:wooden_pickaxe":59,"minecraft:stone":53,"minecraft:torch":26,"minecraft:dirt":8,"minecraft:crafting_table":5,"zombie_extreme:golf_club":41,"minecraft:granite":11,"minecraft:polished_diorite":4,"quark:spruce_chest":5,"hunting_delight:cookedhumanmeat":5,"minecraft:string":4,"minecraft:golden_sword":66,"minecraft:magma_block":4,"minecraft:cobblestone":13,"immersive_weathering:permafrost":2,"supplementaries:ash":1,"toughasnails:purified_water_bottle":8,"minecraft:furnace":4,"hunting_delight:pigcorpse":1,"tombstone:gift":1},"minecraft:custom":{"minecraft:interact_with_furnace":11,"minecraft:mob_kills":38,"minecraft:interact_with_crafting_table":9,"minecraft:damage_dealt_resisted":112,"minecraft:leave_game":3,"minecraft:time_since_death":0,"minecraft:climb_one_cm":3971,"minecraft:time_since_rest":0,"minecraft:sprint_one_cm":87231,"minecraft:damage_taken":5351,"minecraft:walk_one_cm":174049,"minecraft:drop":6,"minecraft:damage_dealt":5882,"minecraft:fly_one_cm":170480,"minecraft:open_chest":9,"minecraft:crouch_one_cm":15429,"tombstone:undead_killed":20,"minecraft:play_time":76926,"minecraft:deaths":17,"minecraft:sneak_time":6362,"minecraft:jump":827,"minecraft:total_world_time":76926,"minecraft:fall_one_cm":8207},"minecraft:broken":{"minecraft:stone_pickaxe":1,"minecraft:golden_sword":1,"minecraft:wooden_pickaxe":1},"minecraft:picked_up":{"born_in_chaos_v1:corpse_maggot":9,"zombie_extreme:cleaver":3,"minecraft:magma_block":3,"minecraft:crafting_table":5,"minecraft:black_carpet":3,"minecraft:ladder":10,"born_in_chaos_v1:monster_flesh":3,"minecraft:andesite":8,"bunker_down:steel_vent":2,"minecraft:flint":5,"tombstone:grave_key":2,"toughasnails:purified_water_bottle":2,"minecraft:golden_sword":7,"minecraft:gunpowder":2,"farmersdelight:flint_knife":1,"immersive_weathering:ash_layer_block":13,"minecraft:string":17,"minecraft:dirt":67,"tombstone:gift":2,"zombie_extreme:raw_steel":8,"minecraft:raw_copper":407,"bunker_down:steel_block":5,"minecraft:red_carpet":1,"minecraft:bone":60,"zombie_extreme:golf_club":3,"quark:spruce_chest":3,"minecraft:spruce_planks":6,"minecraft:stone_pickaxe":4,"hunting_delight:pigcorpse":6,"minecraft:glass_bottle":2,"minecraft:egg":2,"minecraft:furnace":4,"minecraft:stick":3,"minecraft:raw_iron":14,"minecraft:milk_bucket":3,"quark:shale":5,"hunting_delight:humanmeat":14,"minecraft:torch":14,"hunting_delight:cookedhumanmeat":4,"minecraft:gravel":60,"tombstone:grave_dust":6,"minecraft:spruce_log":9,"immersive_weathering:permafrost":8,"minecraft:spider_eye":2,"minecraft:light_gray_concrete":20,"minecraft:arrow":4,"minecraft:light_gray_bed":2,"minecraft:rotten_flesh":142,"immersiveengineering:seed":1,"minecraft:polished_diorite":4,"zombie_extreme:rotten_apple":2,"minecraft:granite":289,"minecraft:totem_of_undying":5,"supplementaries:ash":4,"minecraft:glow_berries":1,"minecraft:coal":90,"minecraft:cobblestone":902},"minecraft:crafted":{"minecraft:spruce_planks":76,"farmersdelight:flint_knife":1,"minecraft:wooden_pickaxe":1,"minecraft:furnace":2,"minecraft:air":0,"minecraft:stick":16,"minecraft:stone_pickaxe":4,"hunting_delight:cookedhumanmeat":5,"quark:spruce_chest":2},"minecraft:killed":{"zombie_extreme:crawler":1,"mca:female_zombie_villager":2,"zombie_extreme:boomer":1,"hordes:zombie_player":6,"minecraft:spider":6,"zombie_extreme:military":1,"minecraft:phantom":1,"born_in_chaos_v1:maggot":2,"minecraft:zombie":9,"born_in_chaos_v1:corpse_fly":2,"minecraft:stray":3}},"DataVersion":2975}