{"stats":{"minecraft:mined":{"quark:shale":15,"minecraft:granite":80,"hunting_delight:pigcorpse":2,"minecraft:polished_diorite":6,"minecraft:spruce_leaves":1,"minecraft:magma_block":3,"minecraft:iron_ore":17,"zombie_extreme:ore_steel":4,"minecraft:andesite":7,"hunting_delight:cowcorpse":1,"minecraft:stone":467,"minecraft:tripwire":4,"minecraft:glass_pane":2,"minecraft:crafting_table":2,"minecraft:copper_ore":36,"minecraft:cobblestone":62,"minecraft:wall_torch":4,"immersive_weathering:permafrost":2,"minecraft:ice":1,"minecraft:spruce_log":6,"minecraft:coal_ore":31,"quark:spruce_chest":3,"minecraft:dirt":26,"minecraft:cobweb":4},"minecraft:dropped":{"minecraft:wheat_seeds":1,"minecraft:crafting_table":1,"hunting_delight:humanmeat":6,"minecraft:cobblestone":384,"minecraft:glow_berries":1,"immersive_weathering:ash_layer_block":3,"minecraft:leather":1,"minecraft:granite":127,"zombie_extreme:rotten_apple":2,"minecraft:dirt":1,"tombstone:bag_of_seeds":1,"hunting_delight:cookedhumanmeat":2,"minecraft:torch":18,"tombstone:grave_key":5,"tombstone:grave_dust":5,"minecraft:potion":2,"minecraft:bucket":1,"minecraft:gravel":53,"minecraft:bricks":4,"zombie_extreme:cleaver":1,"minecraft:raw_copper":21,"minecraft:bowl":1,"tombstone:gift":1,"minecraft:rotten_flesh":6,"minecraft:spruce_planks":3,"minecraft:andesite":5,"minecraft:stone_pickaxe":1,"minecraft:egg":1},"minecraft:killed_by":{"minecraft:spider":3,"hordes:zombie_player":5,"born_in_chaos_v1:corpse_fly":2,"zombie_extreme:chainsaw":1,"zombie_extreme:infected_police":1,"tenebrous_lands:demogon":1,"zombiemobs:zombie_ocelot":1,"minecraft:zombie":9,"zombiemobs:zombie_chicken":1,"graveyard:corrupted_vindicator":1,"graveyard:corrupted_pillager":1,"rottencreatures:frostbitten":1,"zombiemobs:zombie_wolf":1},"minecraft:used":{"zombie_extreme:cleaver":139,"minecraft:stone_sword":8,"minecraft:ladder":15,"minecraft:black_carpet":1,"minecraft:chest":8,"minecraft:shield":31,"minecraft:stone":58,"minecraft:rotten_flesh":1,"minecraft:torch":58,"minecraft:dirt":8,"scalinghealth:heart_crystal":2,"farmersdelight:flint_knife":10,"minecraft:granite":11,"minecraft:polished_diorite":5,"quark:spruce_chest":12,"hunting_delight:cookedhumanmeat":7,"minecraft:golden_sword":149,"minecraft:magma_block":4,"immersive_weathering:permafrost":2,"supplementaries:ash":1,"minecraft:furnace":6,"hunting_delight:pigcorpse":1,"tombstone:gift":1,"tac:workbench":1,"minecraft:water_bucket":2,"minecraft:glass_bottle":8,"minecraft:stone_pickaxe":684,"minecraft:wooden_pickaxe":59,"minecraft:crafting_table":7,"zombie_extreme:golf_club":119,"minecraft:string":4,"minecraft:cobblestone":125,"minecraft:potion":7,"toughasnails:purified_water_bottle":8,"minecraft:andesite":1,"minecraft:bucket":2},"minecraft:broken":{"minecraft:wooden_pickaxe":1,"minecraft:stone_pickaxe":3,"minecraft:golden_sword":1},"minecraft:custom":{"minecraft:mob_kills":96,"minecraft:interact_with_crafting_table":26,"minecraft:damage_dealt_resisted":777,"minecraft:leave_game":4,"minecraft:time_since_death":1002,"minecraft:climb_one_cm":3971,"minecraft:sprint_one_cm":232568,"minecraft:walk_one_cm":467816,"minecraft:damage_blocked_by_shield":896,"minecraft:drop":43,"minecraft:damage_dealt_absorbed":90,"minecraft:play_time":162020,"minecraft:deaths":31,"minecraft:sneak_time":9776,"minecraft:jump":1937,"minecraft:walk_on_water_one_cm":117,"minecraft:total_world_time":162020,"minecraft:interact_with_furnace":20,"minecraft:time_since_rest":1026,"minecraft:damage_taken":10756,"minecraft:damage_dealt":16445,"minecraft:fly_one_cm":428044,"minecraft:player_kills":1,"minecraft:open_chest":97,"minecraft:crouch_one_cm":28177,"tombstone:undead_killed":64,"minecraft:fall_one_cm":15640},"minecraft:picked_up":{"zombie_extreme:cleaver":5,"minecraft:crafting_table":7,"minecraft:black_carpet":7,"minecraft:ladder":10,"zombie_extreme:raw_tin":12,"minecraft:potion":3,"minecraft:enchanted_book":1,"tombstone:grave_key":5,"minecraft:shield":2,"minecraft:golden_sword":11,"immersive_weathering:ash_layer_block":22,"minecraft:string":48,"minecraft:raw_copper":465,"born_in_chaos_v1:intoxicating_decoction":1,"graveyard:corruption":6,"zombie_extreme:golf_club":8,"quark:spruce_chest":13,"minecraft:spruce_planks":110,"minecraft:beef":2,"hunting_delight:pigcorpse":9,"minecraft:chest":1,"minecraft:furnace":8,"zombie_extreme:ignotsteel":5,"minecraft:egg":5,"minecraft:tipped_arrow":7,"minecraft:stick":12,"minecraft:raw_iron":35,"hunting_delight:humanmeat":52,"minecraft:torch":123,"minecraft:bowl":2,"hunting_delight:cookedhumanmeat":34,"tombstone:grave_dust":19,"immersive_weathering:permafrost":12,"minecraft:stone_sword":3,"zombie_extreme:ignot_tin":2,"minecraft:arrow":33,"minecraft:light_gray_bed":2,"minecraft:rotten_flesh":427,"zombie_extreme:rotten_apple":7,"minecraft:iron_block":1,"minecraft:totem_of_undying":8,"supplementaries:ash":4,"minecraft:glow_berries":1,"minecraft:cobblestone":2690,"born_in_chaos_v1:corpse_maggot":17,"minecraft:magma_block":3,"minecraft:feather":1,"born_in_chaos_v1:monster_flesh":9,"minecraft:andesite":43,"minecraft:leather":4,"bunker_down:steel_vent":2,"hunting_delight:cowcorpse":3,"minecraft:flint":21,"toughasnails:purified_water_bottle":2,"minecraft:gunpowder":4,"scalinghealth:heart_crystal":2,"farmersdelight:flint_knife":4,"minecraft:dirt":71,"minecraft:paper":1,"zombie_extreme:raw_steel":8,"tombstone:gift":3,"bunker_down:steel_block":5,"minecraft:red_carpet":1,"minecraft:bone":170,"minecraft:wheat_seeds":2,"minecraft:stone_pickaxe":18,"minecraft:iron_ingot":7,"scalinghealth:power_crystal_shard":8,"tombstone:bag_of_seeds":2,"minecraft:glass_bottle":7,"scalinghealth:heart_crystal_shard":10,"minecraft:milk_bucket":4,"quark:shale":50,"born_in_chaos_v1:ethereal_spirit":2,"minecraft:gravel":239,"minecraft:spruce_log":40,"minecraft:spider_eye":7,"minecraft:light_gray_concrete":20,"minecraft:sugar":1,"immersiveengineering:seed":1,"minecraft:polished_diorite":6,"minecraft:granite":752,"minecraft:bricks":8,"minecraft:coal":136},"minecraft:crafted":{"minecraft:furnace":2,"minecraft:stone_pickaxe":12,"quark:spruce_chest":2,"minecraft:crafting_table":1,"minecraft:spruce_planks":96,"farmersdelight:flint_knife":1,"minecraft:wooden_pickaxe":1,"minecraft:bucket":1,"minecraft:air":0,"minecraft:shield":1,"minecraft:stick":28,"minecraft:iron_ingot":7,"hunting_delight:cookedhumanmeat":5,"tac:workbench":1},"minecraft:killed":{"mca:female_zombie_villager":2,"endofherobrine:zombie":1,"hordes:zombie_player":20,"graveyard:corrupted_vindicator":1,"graveyard:revenant":1,"minecraft:spider":7,"zombiemobs:zombie_ocelot":2,"born_in_chaos_v1:maggot":7,"minecraft:phantom":2,"minecraft:skeleton":4,"zombie_extreme:runner":1,"zombiemobs:zombie_cow":1,"zombie_extreme:crawler":1,"zombie_extreme:boomer":1,"zombie_extreme:military":1,"zombiemobs:zombie_fox":1,"minecraft:zombie":21,"born_in_chaos_v1:corpse_fly":2,"minecraft:stray":9,"zombiemobs:zombie_goat":3,"graveyard:corrupted_pillager":1}},"DataVersion":2975}