{"stats":{"minecraft:mined":{"quark:shale":27,"minecraft:granite":257,"hunting_delight:pigcorpse":3,"minecraft:polished_diorite":6,"minecraft:spruce_leaves":1,"minecraft:magma_block":3,"minecraft:iron_ore":17,"zombie_extreme:ore_steel":4,"minecraft:andesite":25,"hunting_delight:cowcorpse":1,"minecraft:stone":757,"minecraft:tripwire":4,"minecraft:glass_pane":2,"minecraft:torch":1,"minecraft:crafting_table":2,"minecraft:copper_ore":61,"minecraft:cobblestone":126,"minecraft:diorite":9,"minecraft:wall_torch":5,"immersive_weathering:permafrost":2,"minecraft:ice":1,"minecraft:spruce_log":6,"minecraft:coal_ore":46,"hunting_delight:chickencorpse":1,"quark:spruce_chest":3,"minecraft:gravel":5,"minecraft:dirt":26,"minecraft:cobweb":9},"minecraft:dropped":{"minecraft:wheat_seeds":1,"minecraft:crafting_table":1,"hunting_delight:humanmeat":6,"minecraft:glow_berries":1,"minecraft:cobblestone":384,"immersive_weathering:ash_layer_block":3,"minecraft:leather":1,"minecraft:granite":127,"zombie_extreme:rotten_apple":2,"tombstone:bag_of_seeds":1,"minecraft:dirt":1,"hunting_delight:cookedhumanmeat":2,"minecraft:torch":18,"tombstone:grave_key":5,"minecraft:snowball":1,"tombstone:grave_dust":5,"minecraft:potion":2,"minecraft:bucket":1,"minecraft:gravel":54,"minecraft:bricks":4,"zombie_extreme:cleaver":1,"minecraft:raw_copper":21,"minecraft:bowl":1,"tombstone:gift":1,"minecraft:rotten_flesh":6,"minecraft:spruce_planks":3,"minecraft:andesite":5,"minecraft:stone_pickaxe":2,"minecraft:egg":1},"minecraft:killed_by":{"minecraft:spider":4,"hordes:zombie_player":5,"born_in_chaos_v1:corpse_fly":2,"zombie_extreme:chainsaw":1,"zombie_extreme:infected_police":1,"tenebrous_lands:demogon":1,"zombiemobs:zombie_ocelot":1,"minecraft:zombie":10,"zombiemobs:zombie_chicken":1,"graveyard:corrupted_vindicator":1,"graveyard:corrupted_pillager":1,"born_in_chaos_v1:maggot":1,"rottencreatures:frostbitten":1,"zombiemobs:zombie_wolf":2},"minecraft:used":{"zombie_extreme:cleaver":232,"minecraft:stone_sword":8,"minecraft:ladder":15,"minecraft:black_carpet":1,"minecraft:chest":8,"minecraft:stone":58,"minecraft:shield":77,"minecraft:rotten_flesh":1,"minecraft:torch":77,"minecraft:dirt":8,"scalinghealth:heart_crystal":16,"farmersdelight:flint_knife":10,"minecraft:granite":66,"minecraft:polished_diorite":5,"minecraft:milk_bucket":3,"born_in_chaos_v1:supreme_measure":7,"quark:spruce_chest":18,"hunting_delight:cookedhumanmeat":18,"minecraft:golden_sword":202,"minecraft:magma_block":4,"immersive_weathering:permafrost":2,"supplementaries:ash":1,"minecraft:furnace":6,"hunting_delight:pigcorpse":2,"tombstone:gift":1,"tac:workbench":2,"minecraft:water_bucket":2,"minecraft:glass_bottle":18,"minecraft:stone_pickaxe":1296,"minecraft:wooden_pickaxe":59,"zombie_extreme:crowbar":215,"minecraft:crafting_table":7,"zombie_extreme:golf_club":221,"minecraft:string":4,"hunting_delight:cowcorpse":1,"minecraft:cobblestone":278,"minecraft:potion":17,"toughasnails:purified_water_bottle":8,"minecraft:andesite":23,"minecraft:bucket":2,"marbledsarsenal:winter_military_armor_boots":1,"marbledsarsenal:winter_military_armor_leggings":1,"minecraft:splash_potion":133},"minecraft:broken":{"marbledsarsenal:winter_military_armor_leggings":1,"minecraft:wooden_pickaxe":1,"minecraft:stone_pickaxe":8,"minecraft:golden_sword":2,"zombie_extreme:cleaver":1,"zombie_extreme:golf_club":1,"marbledsarsenal:winter_military_armor_helmet":1,"marbledsarsenal:winter_military_armor_chestplate":1,"marbledsarsenal:winter_military_armor_boots":1},"minecraft:custom":{"minecraft:mob_kills":243,"minecraft:interact_with_crafting_table":26,"minecraft:damage_dealt_resisted":1329,"minecraft:leave_game":6,"minecraft:time_since_death":20528,"minecraft:climb_one_cm":3971,"minecraft:sprint_one_cm":357722,"minecraft:walk_one_cm":922420,"minecraft:damage_blocked_by_shield":2417,"minecraft:drop":46,"minecraft:damage_dealt_absorbed":90,"minecraft:play_time":253367,"minecraft:deaths":35,"minecraft:sneak_time":19184,"minecraft:walk_under_water_one_cm":121,"minecraft:jump":2586,"minecraft:walk_on_water_one_cm":367,"minecraft:total_world_time":253367,"minecraft:interact_with_furnace":23,"minecraft:time_since_rest":20560,"minecraft:damage_taken":25057,"minecraft:damage_dealt":37497,"minecraft:fly_one_cm":513750,"minecraft:player_kills":1,"minecraft:open_chest":170,"minecraft:crouch_one_cm":72553,"tombstone:undead_killed":156,"minecraft:fall_one_cm":23084},"minecraft:picked_up":{"rottencreatures:frozen_rotten_flesh":2,"zombie_extreme:cleaver":8,"minecraft:crafting_table":7,"minecraft:black_carpet":8,"marbledsarsenal:winter_military_armor_boots":3,"minecraft:chicken":1,"minecraft:ladder":10,"zombie_extreme:raw_tin":16,"minecraft:enchanted_book":2,"minecraft:potion":3,"marbledsarsenal:winter_military_armor_leggings":4,"marbledsarsenal:winter_military_armor_helmet":2,"tombstone:grave_key":5,"minecraft:brick":1,"minecraft:shield":4,"minecraft:golden_sword":13,"immersive_weathering:ash_layer_block":22,"minecraft:string":100,"minecraft:raw_copper":591,"born_in_chaos_v1:intoxicating_decoction":1,"graveyard:corruption":13,"tac:tti_g34":3,"zombie_extreme:golf_club":9,"quark:spruce_chest":14,"minecraft:bucket":1,"minecraft:spruce_planks":110,"minecraft:beef":7,"hunting_delight:pigcorpse":11,"minecraft:chest":3,"zombie_extreme:ignotsteel":9,"minecraft:furnace":8,"minecraft:egg":6,"minecraft:tipped_arrow":13,"minecraft:golden_helmet":1,"minecraft:raw_iron":35,"minecraft:stick":13,"immersiveengineering:shader_bag_epic":6,"minecraft:stone":2,"hunting_delight:humanmeat":58,"minecraft:torch":165,"minecraft:bowl":2,"hunting_delight:cookedhumanmeat":54,"minecraft:porkchop":5,"minecraft:pointed_dripstone":2,"tombstone:grave_dust":53,"minecraft:diorite":17,"minecraft:carrot":3,"immersive_weathering:permafrost":12,"zombie_extreme:ignot_tin":3,"minecraft:stone_sword":3,"minecraft:arrow":72,"minecraft:light_gray_bed":2,"minecraft:rotten_flesh":783,"zombie_extreme:rotten_apple":8,"minecraft:iron_block":1,"minecraft:totem_of_undying":9,"supplementaries:ash":4,"minecraft:glow_berries":1,"hunting_delight:chickencorpse":1,"minecraft:snowball":2,"minecraft:cobblestone":3457,"born_in_chaos_v1:corpse_maggot":27,"minecraft:magma_block":3,"minecraft:feather":6,"born_in_chaos_v1:monster_flesh":17,"marbledsarsenal:winter_military_armor_chestplate":5,"minecraft:andesite":73,"minecraft:leather":6,"minecraft:golden_leggings":1,"bunker_down:steel_vent":2,"hunting_delight:cowcorpse":4,"minecraft:golden_boots":1,"minecraft:flint":22,"scalinghealth:bandages":6,"minecraft:chainmail_chestplate":1,"toughasnails:purified_water_bottle":2,"minecraft:gunpowder":9,"scalinghealth:heart_crystal":17,"farmersdelight:flint_knife":5,"minecraft:paper":2,"minecraft:dirt":72,"zombie_extreme:raw_steel":8,"scalinghealth:medkit":1,"tombstone:gift":4,"bunker_down:steel_block":5,"born_in_chaos_v1:monster_skin":1,"minecraft:red_carpet":1,"minecraft:bone":379,"minecraft:bow":2,"minecraft:wheat_seeds":2,"minecraft:iron_ingot":9,"minecraft:stone_pickaxe":25,"scalinghealth:power_crystal_shard":16,"tombstone:bag_of_seeds":2,"minecraft:glass_bottle":7,"tac:9mm_round":43,"tac:ae50":35,"scalinghealth:heart_crystal_shard":36,"minecraft:milk_bucket":5,"quark:shale":89,"born_in_chaos_v1:ethereal_spirit":3,"minecraft:gravel":298,"minecraft:spruce_log":46,"tenebrous_lands:zenyr":1,"minecraft:spider_eye":22,"minecraft:bundle":2,"minecraft:light_gray_concrete":20,"minecraft:sugar":2,"tombstone:familiar_stone":3,"immersiveengineering:seed":1,"minecraft:polished_diorite":6,"hunting_delight:huntingknife":1,"minecraft:granite":1007,"tombstone:magic_scroll":4,"minecraft:bricks":12,"minecraft:coal":167},"minecraft:crafted":{"minecraft:furnace":2,"minecraft:stone_pickaxe":12,"quark:spruce_chest":2,"hunting_delight:huntingknife":1,"minecraft:crafting_table":1,"minecraft:spruce_planks":96,"minecraft:wooden_pickaxe":1,"farmersdelight:flint_knife":1,"minecraft:bucket":1,"minecraft:air":0,"minecraft:shield":1,"minecraft:stick":28,"minecraft:iron_ingot":7,"hunting_delight:cookedhumanmeat":5,"tac:workbench":1},"minecraft:killed":{"mca:female_zombie_villager":4,"minecraft:cave_spider":2,"endofherobrine:zombie":1,"graveyard:skeleton_creeper":1,"mca:male_zombie_villager":1,"hordes:zombie_player":24,"zombie_extreme:night_hunter":2,"graveyard:corrupted_vindicator":2,"graveyard:revenant":4,"zombiemobs:zombie_chicken":3,"minecraft:spider":25,"zombiemobs:zombie_llama":1,"zombiemobs:zombie_ocelot":3,"minecraft:phantom":4,"born_in_chaos_v1:maggot":14,"creeperoverhaul:snowy_creeper":1,"minecraft:skeleton":18,"zombiemobs:zombie_wolf":2,"creeperoverhaul:cave_creeper":1,"zombie_extreme:runner":2,"zombiemobs:zombie_cow":2,"zombiemobs:zombie_pig":3,"zombie_extreme:crawler":4,"zombiemobs:zombie_cat":1,"zombie_extreme:boomer":1,"endofherobrine:zombie_villager":1,"zombie_extreme:infected_military":2,"zombie_extreme:infected":1,"zombiemobs:zombie_mooshroom":1,"rottencreatures:frostbitten":2,"zombie_extreme:military":1,"born_in_chaos_v1:decrepit_skeleton":2,"zombiemobs:zombie_fox":2,"minecraft:zombie":64,"born_in_chaos_v1:dread_hound":3,"tenebrous_lands:abaddon":1,"born_in_chaos_v1:corpse_fly":3,"minecraft:stray":14,"endofherobrine:chicken":1,"zombie_extreme:infected_police":1,"zombiemobs:zombie_goat":3,"graveyard:corrupted_pillager":2}},"DataVersion":2975}