{"stats":{"minecraft:killed_by":{"minecraft:zombie":1},"minecraft:used":{"minecraft:torch":2,"minecraft:ladder":15,"minecraft:stone":53},"minecraft:custom":{"minecraft:open_chest":1,"minecraft:time_since_rest":1030,"minecraft:walk_one_cm":9465,"minecraft:play_time":6683,"minecraft:sprint_one_cm":5630,"minecraft:damage_taken":385,"minecraft:deaths":3,"minecraft:sneak_time":134,"minecraft:damage_dealt_resisted":4,"minecraft:jump":40,"minecraft:damage_dealt":83,"minecraft:time_since_death":1002,"minecraft:total_world_time":6683,"minecraft:climb_one_cm":3971,"minecraft:fall_one_cm":269,"minecraft:fly_one_cm":17792},"minecraft:picked_up":{"bunker_down:steel_block":5,"born_in_chaos_v1:corpse_maggot":2,"minecraft:light_gray_concrete":20,"minecraft:ladder":10,"minecraft:light_gray_bed":2,"minecraft:rotten_flesh":15,"bunker_down:steel_vent":2}},"DataVersion":2975}