{"stats":{"minecraft:killed_by":{"zombie_extreme:night_hunter":2,"minecraft:spider":1,"minecraft:drowned":1},"minecraft:dropped":{"minecraft:light_gray_bed":2},"minecraft:custom":{"minecraft:interact_with_crafting_table":5,"minecraft:leave_game":7,"minecraft:time_since_death":6565,"minecraft:climb_one_cm":19146,"minecraft:time_since_rest":6600,"minecraft:sprint_one_cm":34787,"minecraft:damage_taken":1197,"minecraft:walk_one_cm":157475,"minecraft:drop":2,"minecraft:damage_dealt":137,"minecraft:fly_one_cm":60126,"minecraft:open_chest":7,"minecraft:crouch_one_cm":112,"minecraft:play_time":63044,"minecraft:deaths":6,"minecraft:sneak_time":98,"minecraft:walk_under_water_one_cm":4079,"minecraft:jump":291,"minecraft:walk_on_water_one_cm":9791,"minecraft:total_world_time":63044,"minecraft:fall_one_cm":4733},"minecraft:picked_up":{"minecraft:birch_log":6,"minecraft:wooden_pickaxe":1,"bunker_down:steel_vent":3,"minecraft:oak_log":15,"tombstone:grave_key":2,"minecraft:string":1,"minecraft:bone":1,"minecraft:apple":1,"minecraft:wheat_seeds":2,"minecraft:smooth_stone":2,"minecraft:cobweb":1,"minecraft:chest":1,"minecraft:birch_sapling":1,"minecraft:stick":15,"immersiveengineering:shader_bag_epic":1,"bunker_down:underroot_stage_1":1,"minecraft:dandelion":1,"minecraft:poisonous_potato":1,"minecraft:diorite":15,"bunker_down:steel_pressure_plate":1,"minecraft:light_gray_bed":2,"minecraft:rotten_flesh":3,"minecraft:oak_sapling":6,"minecraft:coal":14,"minecraft:cobblestone":23},"minecraft:crafted":{"minecraft:wooden_sword":1,"minecraft:crafting_table":1,"minecraft:wooden_pickaxe":1,"minecraft:birch_planks":12,"minecraft:stone_pickaxe":1},"minecraft:mined":{"immersive_weathering:birch_leaf_pile":2,"minecraft:birch_log":5,"minecraft:fire":1,"minecraft:coal_ore":13,"minecraft:oak_log":15,"minecraft:stone":23,"minecraft:oak_leaves":3,"immersive_weathering:oak_leaf_pile":10},"minecraft:used":{"marbledsarsenal:baseball_bat":2,"bunker_down:steel_vent":4,"horror_element_mod:dead_experiment":1,"horror_element_mod:broken_tv":2,"horror_element_mod:broken_light":16,"horror_element_mod:scientist_body":1,"horror_element_mod:dead_cow":3,"horror_element_mod:severed_hand":6,"minecraft:stone_pickaxe":36,"horror_element_mod:phished_head":2,"horror_element_mod:impaled_head":3,"minecraft:wooden_pickaxe":6,"bunker_down:steel_pressure_plate":3,"horror_element_mod:sliced_body":3,"horror_element_mod:sign_2":4,"minecraft:crafting_table":1,"horror_element_mod:green_blood_2":3,"horror_element_mod:sound_block":4,"minecraft:sponge":13,"horror_element_mod:hospital_bed":10,"horror_element_mod:blood_2":1,"horror_element_mod:blood_4":3,"horror_element_mod:human_remains":2,"bunker_down:steel_block":11,"bunker_down:steel_block_slab":2,"minecraft:light_gray_concrete":1,"horror_element_mod:hazzmat_head":3,"fantasyfurniture:bone/skeleton/bed_single":1,"horror_element_mod:hanging_corpse_1":3,"horror_element_mod:hazzmat_body":1,"horror_element_mod:dead_pig":1,"horror_element_mod:sign_1":2,"horror_element_mod:impaled_skeleton":2,"horror_element_mod:green_blood_1":3,"minecraft:cobblestone":1,"horror_element_mod:marine_body":1,"horror_element_mod:atmosphere_block":1,"minecraft:smooth_stone":1,"minecraft:light_gray_bed":5,"horror_element_mod:blood_1":1,"horror_element_mod:blood_3":1}},"DataVersion":2975}