{"stats":{"minecraft:mined":{"minecraft:glass_pane":2,"minecraft:spruce_log":2,"hunting_delight:pigcorpse":1},"minecraft:used":{"minecraft:ladder":15,"minecraft:stone":53,"minecraft:golden_sword":22,"minecraft:torch":6,"toughasnails:purified_water_bottle":7},"minecraft:killed_by":{"tenebrous_lands:demogon":1,"minecraft:zombie":3},"minecraft:custom":{"minecraft:time_since_rest":3755,"minecraft:sprint_one_cm":30446,"minecraft:damage_taken":1434,"minecraft:walk_one_cm":28590,"minecraft:mob_kills":8,"minecraft:damage_dealt":880,"minecraft:fly_one_cm":63814,"minecraft:open_chest":4,"minecraft:play_time":19011,"minecraft:deaths":7,"tombstone:undead_killed":3,"minecraft:sneak_time":152,"minecraft:jump":196,"minecraft:damage_dealt_resisted":24,"minecraft:leave_game":2,"minecraft:time_since_death":3717,"minecraft:climb_one_cm":3971,"minecraft:total_world_time":19011,"minecraft:fall_one_cm":1649},"minecraft:picked_up":{"born_in_chaos_v1:corpse_maggot":6,"minecraft:black_carpet":1,"minecraft:milk_bucket":2,"minecraft:ladder":10,"hunting_delight:humanmeat":2,"bunker_down:steel_vent":2,"toughasnails:purified_water_bottle":1,"minecraft:spruce_log":6,"minecraft:golden_sword":1,"immersive_weathering:ash_layer_block":3,"bunker_down:steel_block":5,"minecraft:light_gray_concrete":20,"minecraft:red_carpet":1,"minecraft:bone":16,"minecraft:light_gray_bed":2,"minecraft:rotten_flesh":18,"immersiveengineering:seed":1,"minecraft:totem_of_undying":2,"hunting_delight:pigcorpse":2,"supplementaries:ash":1},"minecraft:killed":{"hordes:zombie_player":3,"born_in_chaos_v1:maggot":2}},"DataVersion":2975}