{"stats":{"minecraft:mined":{"minecraft:glass_pane":2,"minecraft:crafting_table":2,"minecraft:granite":29,"hunting_delight:pigcorpse":1,"minecraft:copper_ore":22,"minecraft:polished_diorite":4,"minecraft:wall_torch":2,"immersive_weathering:permafrost":2,"minecraft:magma_block":3,"zombie_extreme:ore_steel":4,"minecraft:spruce_log":2,"minecraft:andesite":1,"minecraft:coal_ore":25,"minecraft:dirt":18,"minecraft:stone":140},"minecraft:killed_by":{"tenebrous_lands:demogon":1,"minecraft:zombie":4},"minecraft:used":{"zombie_extreme:cleaver":35,"minecraft:stone_pickaxe":181,"minecraft:ladder":15,"minecraft:wooden_pickaxe":59,"minecraft:stone":53,"minecraft:torch":15,"minecraft:crafting_table":3,"zombie_extreme:golf_club":8,"minecraft:granite":10,"minecraft:polished_diorite":4,"hunting_delight:cookedhumanmeat":2,"minecraft:golden_sword":33,"minecraft:magma_block":4,"minecraft:cobblestone":3,"toughasnails:purified_water_bottle":8,"minecraft:furnace":2},"minecraft:custom":{"minecraft:interact_with_furnace":3,"minecraft:mob_kills":20,"minecraft:interact_with_crafting_table":5,"minecraft:damage_dealt_resisted":44,"minecraft:leave_game":2,"minecraft:time_since_death":6935,"minecraft:climb_one_cm":3971,"minecraft:time_since_rest":6977,"minecraft:sprint_one_cm":33083,"minecraft:damage_taken":2432,"minecraft:walk_one_cm":67781,"minecraft:damage_dealt":3068,"minecraft:fly_one_cm":65148,"minecraft:open_chest":5,"minecraft:crouch_one_cm":12516,"tombstone:undead_killed":10,"minecraft:play_time":40524,"minecraft:deaths":8,"minecraft:sneak_time":5389,"minecraft:jump":342,"minecraft:total_world_time":40524,"minecraft:fall_one_cm":2282},"minecraft:broken":{"minecraft:stone_pickaxe":1,"minecraft:wooden_pickaxe":1},"minecraft:picked_up":{"born_in_chaos_v1:corpse_maggot":9,"zombie_extreme:cleaver":1,"minecraft:magma_block":3,"minecraft:crafting_table":3,"minecraft:black_carpet":2,"minecraft:ladder":10,"born_in_chaos_v1:monster_flesh":1,"minecraft:andesite":2,"bunker_down:steel_vent":2,"toughasnails:purified_water_bottle":2,"minecraft:golden_sword":3,"minecraft:gunpowder":2,"immersive_weathering:ash_layer_block":7,"minecraft:string":3,"minecraft:dirt":23,"zombie_extreme:raw_steel":8,"minecraft:raw_copper":156,"bunker_down:steel_block":5,"minecraft:red_carpet":1,"minecraft:bone":30,"zombie_extreme:golf_club":1,"minecraft:spruce_planks":1,"minecraft:stone_pickaxe":2,"hunting_delight:pigcorpse":3,"minecraft:raw_iron":2,"minecraft:milk_bucket":3,"hunting_delight:humanmeat":6,"minecraft:torch":6,"minecraft:spruce_log":6,"immersive_weathering:permafrost":4,"minecraft:spider_eye":2,"minecraft:light_gray_concrete":20,"minecraft:arrow":4,"minecraft:light_gray_bed":2,"minecraft:rotten_flesh":41,"immersiveengineering:seed":1,"minecraft:polished_diorite":4,"minecraft:granite":79,"minecraft:totem_of_undying":3,"supplementaries:ash":2,"minecraft:coal":46,"minecraft:cobblestone":292},"minecraft:crafted":{"minecraft:spruce_planks":8,"minecraft:wooden_pickaxe":1,"minecraft:furnace":2,"minecraft:air":0,"minecraft:stick":8,"minecraft:stone_pickaxe":3,"hunting_delight:cookedhumanmeat":4},"minecraft:killed":{"hordes:zombie_player":4,"minecraft:spider":3,"zombie_extreme:military":1,"born_in_chaos_v1:maggot":2,"minecraft:zombie":3,"born_in_chaos_v1:corpse_fly":1,"minecraft:stray":3}},"DataVersion":2975}