{"stats":{"minecraft:custom":{"minecraft:open_chest":4,"minecraft:time_since_rest":15999,"minecraft:crouch_one_cm":14,"minecraft:sprint_one_cm":8383,"minecraft:play_time":15999,"minecraft:walk_one_cm":21867,"minecraft:sneak_time":6,"minecraft:walk_under_water_one_cm":1200,"minecraft:jump":35,"minecraft:leave_game":2,"minecraft:walk_on_water_one_cm":4859,"minecraft:time_since_death":15999,"minecraft:climb_one_cm":2049,"minecraft:total_world_time":15999,"minecraft:fly_one_cm":13587},"minecraft:picked_up":{"minecraft:stick":2,"minecraft:string":1},"minecraft:used":{"horror_element_mod:human_remains":2,"bunker_down:steel_vent":2,"bunker_down:steel_block_slab":1,"horror_element_mod:green_blood_1":2,"minecraft:cobblestone":1,"horror_element_mod:scientist_body":1,"horror_element_mod:green_blood_2":1,"minecraft:sponge":13,"horror_element_mod:marine_body":1,"horror_element_mod:hospital_bed":10,"horror_element_mod:hanging_corpse_1":3,"minecraft:light_gray_bed":4,"minecraft:smooth_stone":1,"horror_element_mod:blood_1":1,"horror_element_mod:blood_2":1,"horror_element_mod:blood_4":3,"horror_element_mod:blood_3":1}},"DataVersion":2975}