{"stats":{"minecraft:broken":{"minecraft:stone_pickaxe":1},"minecraft:killed_by":{"zombie_extreme:night_hunter":2,"minecraft:skeleton":1,"minecraft:spider":1,"minecraft:zombie":2,"minecraft:drowned":1,"zombie_extreme:chainsaw":1},"minecraft:killed":{"zombie_extreme:crawler":2,"mca:male_zombie_villager":1,"hordes:zombie_player":2,"minecraft:spider":4,"sanitydim:rotting_stalker":3,"minecraft:creeper":2,"born_in_chaos_v1:maggot":6,"minecraft:phantom":3,"minecraft:zombie":11,"minecraft:chicken":2,"born_in_chaos_v1:corpse_fly":3,"endofherobrine:chicken":1,"endofherobrine:lurker":1,"zombie_extreme:runner":1,"zombiemobs:zombie_cow":2},"minecraft:dropped":{"sanitydim:garland":1,"minecraft:light_gray_bed":2,"toughasnails:purified_water_bottle":1,"minecraft:potion":1},"minecraft:custom":{"minecraft:mob_kills":44,"minecraft:interact_with_crafting_table":10,"minecraft:damage_dealt_resisted":218,"minecraft:leave_game":7,"minecraft:time_since_death":1785,"minecraft:climb_one_cm":19146,"minecraft:time_since_rest":1820,"minecraft:sprint_one_cm":48808,"minecraft:damage_taken":2816,"minecraft:walk_one_cm":250228,"minecraft:drop":5,"minecraft:damage_dealt":19575,"minecraft:swim_one_cm":2212,"minecraft:fly_one_cm":112001,"minecraft:open_chest":7,"tombstone:undead_killed":16,"minecraft:crouch_one_cm":192,"minecraft:play_time":99044,"minecraft:deaths":11,"minecraft:sneak_time":192,"minecraft:walk_under_water_one_cm":5724,"minecraft:jump":648,"minecraft:walk_on_water_one_cm":11185,"minecraft:total_world_time":99044,"minecraft:fall_one_cm":6335},"minecraft:picked_up":{"minecraft:birch_log":6,"born_in_chaos_v1:corpse_maggot":5,"minecraft:magma_block":2,"minecraft:feather":2,"minecraft:chicken":3,"born_in_chaos_v1:monster_flesh":1,"minecraft:andesite":63,"minecraft:leather":3,"minecraft:wooden_pickaxe":3,"bunker_down:steel_vent":3,"minecraft:birch_planks":3,"minecraft:oak_log":26,"tombstone:grave_key":2,"minecraft:gunpowder":2,"scalinghealth:heart_crystal":1,"minecraft:dirt":13,"minecraft:raw_copper":3,"minecraft:string":13,"minecraft:wooden_sword":1,"minecraft:bone":4,"minecraft:apple":2,"minecraft:wheat_seeds":2,"minecraft:smooth_stone":2,"minecraft:stone_pickaxe":1,"minecraft:cobweb":1,"minecraft:chest":1,"minecraft:birch_sapling":2,"minecraft:oak_planks":15,"minecraft:egg":1,"minecraft:stick":15,"minecraft:raw_iron":3,"immersiveengineering:shader_bag_epic":4,"hunting_delight:humanmeat":4,"bunker_down:underroot_stage_1":1,"minecraft:torch":13,"minecraft:dandelion":1,"minecraft:poisonous_potato":1,"minecraft:gravel":1,"minecraft:diorite":15,"minecraft:spider_eye":2,"bunker_down:steel_pressure_plate":1,"zombie_extreme:soda":1,"minecraft:bundle":1,"minecraft:light_gray_bed":2,"minecraft:rotten_flesh":23,"minecraft:stone_axe":1,"minecraft:granite":112,"tombstone:magic_scroll":1,"minecraft:oak_sapling":12,"hunting_delight:chickencorpse":1,"minecraft:coal":47,"minecraft:cobblestone":255},"minecraft:crafted":{"minecraft:wooden_sword":1,"minecraft:crafting_table":1,"minecraft:wooden_pickaxe":1,"sanitydim:garland":4,"minecraft:birch_planks":12,"minecraft:stick":4,"minecraft:stone_pickaxe":1,"minecraft:torch":16},"minecraft:mined":{"immersive_weathering:birch_leaf_pile":2,"minecraft:granite":22,"minecraft:grass_block":1,"minecraft:magma_block":1,"minecraft:birch_log":5,"minecraft:iron_ore":3,"minecraft:fire":1,"hunting_delight:chickencorpse":1,"minecraft:coal_ore":17,"minecraft:oak_log":15,"minecraft:dirt":5,"minecraft:stone":115,"minecraft:oak_leaves":3,"immersive_weathering:oak_leaf_pile":10},"minecraft:used":{"marbledsarsenal:baseball_bat":2,"bunker_down:steel_vent":4,"horror_element_mod:dead_experiment":1,"horror_element_mod:broken_tv":2,"horror_element_mod:broken_light":16,"horror_element_mod:scientist_body":1,"horror_element_mod:dead_cow":3,"minecraft:birch_planks":3,"horror_element_mod:severed_hand":6,"minecraft:stone_pickaxe":131,"horror_element_mod:phished_head":2,"horror_element_mod:impaled_head":3,"minecraft:wooden_pickaxe":36,"minecraft:stone":56,"bunker_down:steel_pressure_plate":3,"minecraft:rotten_flesh":1,"horror_element_mod:sliced_body":3,"minecraft:torch":26,"horror_element_mod:sign_2":4,"scalinghealth:heart_crystal":1,"minecraft:crafting_table":3,"horror_element_mod:green_blood_2":3,"horror_element_mod:sound_block":4,"minecraft:sponge":13,"horror_element_mod:hospital_bed":10,"horror_element_mod:blood_2":1,"horror_element_mod:blood_4":3,"born_in_chaos_v1:supreme_measure":5,"horror_element_mod:human_remains":2,"bunker_down:steel_block":11,"bunker_down:steel_block_slab":2,"minecraft:apple":1,"minecraft:light_gray_concrete":1,"horror_element_mod:hazzmat_head":3,"fantasyfurniture:bone/skeleton/bed_single":1,"horror_element_mod:hanging_corpse_1":3,"minecraft:wooden_sword":191,"horror_element_mod:hazzmat_body":1,"horror_element_mod:dead_pig":1,"horror_element_mod:sign_1":2,"horror_element_mod:impaled_skeleton":2,"horror_element_mod:green_blood_1":3,"minecraft:cobblestone":2,"minecraft:potion":8,"toughasnails:purified_water_bottle":1,"horror_element_mod:marine_body":1,"horror_element_mod:atmosphere_block":1,"minecraft:smooth_stone":1,"minecraft:light_gray_bed":5,"horror_element_mod:blood_1":1,"horror_element_mod:blood_3":1}},"DataVersion":2975}