{"stats":{"minecraft:custom":{"minecraft:time_since_rest":35487,"minecraft:sprint_one_cm":12931,"minecraft:walk_one_cm":79485,"minecraft:fly_one_cm":18000,"minecraft:open_chest":4,"minecraft:crouch_one_cm":98,"minecraft:play_time":35487,"minecraft:walk_under_water_one_cm":1200,"minecraft:sneak_time":59,"minecraft:jump":97,"minecraft:leave_game":5,"minecraft:time_since_death":35487,"minecraft:walk_on_water_one_cm":4859,"minecraft:total_world_time":35487,"minecraft:climb_one_cm":7663},"minecraft:picked_up":{"minecraft:stick":2,"bunker_down:steel_vent":3,"minecraft:string":1,"minecraft:light_gray_bed":1,"minecraft:smooth_stone":2},"minecraft:used":{"horror_element_mod:human_remains":2,"bunker_down:steel_vent":4,"horror_element_mod:dead_experiment":1,"horror_element_mod:broken_tv":2,"bunker_down:steel_block":9,"bunker_down:steel_block_slab":2,"horror_element_mod:broken_light":16,"horror_element_mod:scientist_body":1,"horror_element_mod:dead_cow":3,"minecraft:light_gray_concrete":1,"horror_element_mod:severed_hand":6,"horror_element_mod:phished_head":2,"horror_element_mod:hazzmat_head":3,"horror_element_mod:impaled_head":3,"bunker_down:steel_pressure_plate":3,"fantasyfurniture:bone/skeleton/bed_single":1,"horror_element_mod:hanging_corpse_1":3,"horror_element_mod:sliced_body":3,"horror_element_mod:dead_pig":1,"horror_element_mod:sign_2":4,"horror_element_mod:green_blood_1":3,"horror_element_mod:impaled_skeleton":2,"horror_element_mod:sign_1":2,"horror_element_mod:hazzmat_body":1,"minecraft:cobblestone":1,"horror_element_mod:green_blood_2":3,"horror_element_mod:sound_block":4,"minecraft:sponge":13,"horror_element_mod:marine_body":1,"horror_element_mod:atmosphere_block":1,"horror_element_mod:hospital_bed":10,"minecraft:smooth_stone":1,"minecraft:light_gray_bed":5,"horror_element_mod:blood_1":1,"horror_element_mod:blood_2":1,"horror_element_mod:blood_4":3,"horror_element_mod:blood_3":1}},"DataVersion":2975}