{"stats":{"minecraft:mined":{"quark:shale":15,"minecraft:granite":65,"hunting_delight:pigcorpse":2,"minecraft:polished_diorite":6,"minecraft:spruce_leaves":1,"minecraft:magma_block":3,"minecraft:iron_ore":17,"zombie_extreme:ore_steel":4,"minecraft:andesite":4,"hunting_delight:cowcorpse":1,"minecraft:stone":411,"minecraft:tripwire":4,"minecraft:glass_pane":2,"minecraft:crafting_table":2,"minecraft:copper_ore":36,"minecraft:cobblestone":40,"minecraft:wall_torch":4,"immersive_weathering:permafrost":2,"minecraft:spruce_log":6,"minecraft:coal_ore":31,"quark:spruce_chest":3,"minecraft:dirt":26,"minecraft:cobweb":4},"minecraft:dropped":{"hunting_delight:humanmeat":2,"minecraft:glow_berries":1,"minecraft:torch":17,"tombstone:grave_key":5,"tombstone:grave_dust":4,"zombie_extreme:cleaver":1,"tombstone:gift":1,"minecraft:spruce_planks":3},"minecraft:killed_by":{"minecraft:spider":3,"hordes:zombie_player":4,"born_in_chaos_v1:corpse_fly":1,"zombie_extreme:chainsaw":1,"zombie_extreme:infected_police":1,"tenebrous_lands:demogon":1,"zombiemobs:zombie_ocelot":1,"minecraft:zombie":9,"zombiemobs:zombie_chicken":1,"graveyard:corrupted_vindicator":1,"graveyard:corrupted_pillager":1,"rottencreatures:frostbitten":1,"zombiemobs:zombie_wolf":1},"minecraft:used":{"zombie_extreme:cleaver":45,"minecraft:stone_sword":8,"minecraft:ladder":15,"minecraft:black_carpet":1,"minecraft:chest":7,"minecraft:shield":23,"minecraft:stone":58,"minecraft:torch":56,"minecraft:dirt":8,"farmersdelight:flint_knife":10,"scalinghealth:heart_crystal":1,"minecraft:granite":11,"minecraft:polished_diorite":5,"quark:spruce_chest":9,"hunting_delight:cookedhumanmeat":5,"minecraft:golden_sword":143,"minecraft:magma_block":4,"immersive_weathering:permafrost":2,"supplementaries:ash":1,"minecraft:furnace":6,"hunting_delight:pigcorpse":1,"tombstone:gift":1,"minecraft:stone_pickaxe":588,"minecraft:wooden_pickaxe":59,"minecraft:crafting_table":6,"zombie_extreme:golf_club":119,"minecraft:string":4,"minecraft:cobblestone":118,"toughasnails:purified_water_bottle":8,"minecraft:andesite":1},"minecraft:broken":{"minecraft:wooden_pickaxe":1,"minecraft:stone_pickaxe":3,"minecraft:golden_sword":1},"minecraft:custom":{"minecraft:mob_kills":73,"minecraft:interact_with_crafting_table":17,"minecraft:damage_dealt_resisted":485,"minecraft:leave_game":3,"minecraft:time_since_death":7365,"minecraft:climb_one_cm":3971,"minecraft:sprint_one_cm":191226,"minecraft:walk_one_cm":359152,"minecraft:damage_blocked_by_shield":688,"minecraft:drop":12,"minecraft:deaths":29,"minecraft:play_time":137484,"minecraft:sneak_time":9612,"minecraft:jump":1657,"minecraft:total_world_time":137484,"minecraft:interact_with_furnace":18,"minecraft:time_since_rest":7391,"minecraft:damage_taken":9902,"minecraft:damage_dealt":12493,"minecraft:fly_one_cm":383777,"minecraft:open_chest":58,"minecraft:crouch_one_cm":27988,"tombstone:undead_killed":46,"minecraft:fall_one_cm":13368},"minecraft:picked_up":{"zombie_extreme:cleaver":5,"minecraft:crafting_table":5,"minecraft:black_carpet":6,"minecraft:ladder":10,"zombie_extreme:raw_tin":4,"minecraft:potion":3,"minecraft:enchanted_book":1,"tombstone:grave_key":5,"minecraft:golden_sword":10,"minecraft:shield":2,"immersive_weathering:ash_layer_block":19,"minecraft:string":34,"minecraft:raw_copper":444,"born_in_chaos_v1:intoxicating_decoction":1,"graveyard:corruption":4,"zombie_extreme:golf_club":7,"quark:spruce_chest":10,"minecraft:spruce_planks":110,"minecraft:beef":1,"hunting_delight:pigcorpse":8,"minecraft:egg":4,"zombie_extreme:ignotsteel":5,"minecraft:furnace":8,"minecraft:tipped_arrow":3,"minecraft:raw_iron":35,"minecraft:stick":11,"minecraft:bowl":1,"hunting_delight:humanmeat":48,"hunting_delight:cookedhumanmeat":14,"minecraft:torch":100,"tombstone:grave_dust":17,"immersive_weathering:permafrost":12,"minecraft:stone_sword":3,"zombie_extreme:ignot_tin":2,"minecraft:arrow":22,"minecraft:light_gray_bed":2,"minecraft:rotten_flesh":344,"zombie_extreme:rotten_apple":5,"minecraft:totem_of_undying":7,"supplementaries:ash":4,"minecraft:glow_berries":1,"minecraft:cobblestone":2173,"born_in_chaos_v1:corpse_maggot":14,"minecraft:magma_block":3,"minecraft:feather":1,"born_in_chaos_v1:monster_flesh":5,"minecraft:andesite":33,"minecraft:leather":1,"bunker_down:steel_vent":2,"hunting_delight:cowcorpse":1,"minecraft:flint":21,"toughasnails:purified_water_bottle":2,"minecraft:gunpowder":4,"scalinghealth:heart_crystal":1,"farmersdelight:flint_knife":3,"minecraft:dirt":68,"minecraft:paper":1,"zombie_extreme:raw_steel":8,"tombstone:gift":2,"bunker_down:steel_block":5,"minecraft:red_carpet":1,"minecraft:bone":119,"minecraft:wheat_seeds":1,"minecraft:stone_pickaxe":11,"minecraft:iron_ingot":5,"minecraft:glass_bottle":6,"minecraft:milk_bucket":4,"quark:shale":50,"born_in_chaos_v1:ethereal_spirit":1,"minecraft:gravel":186,"minecraft:spruce_log":40,"minecraft:spider_eye":7,"minecraft:light_gray_concrete":20,"minecraft:sugar":1,"immersiveengineering:seed":1,"minecraft:polished_diorite":6,"minecraft:granite":537,"minecraft:bricks":4,"minecraft:coal":136},"minecraft:crafted":{"minecraft:furnace":2,"minecraft:stone_pickaxe":8,"quark:spruce_chest":2,"minecraft:crafting_table":1,"minecraft:spruce_planks":92,"farmersdelight:flint_knife":1,"minecraft:wooden_pickaxe":1,"minecraft:air":0,"minecraft:shield":1,"minecraft:stick":20,"minecraft:iron_ingot":3,"hunting_delight:cookedhumanmeat":5},"minecraft:killed":{"mca:female_zombie_villager":2,"hordes:zombie_player":18,"graveyard:corrupted_vindicator":1,"graveyard:revenant":1,"minecraft:spider":7,"zombiemobs:zombie_ocelot":2,"born_in_chaos_v1:maggot":2,"minecraft:phantom":2,"minecraft:skeleton":1,"zombie_extreme:runner":1,"zombie_extreme:crawler":1,"zombie_extreme:boomer":1,"zombie_extreme:military":1,"zombiemobs:zombie_fox":1,"minecraft:zombie":13,"born_in_chaos_v1:corpse_fly":2,"minecraft:stray":5,"zombiemobs:zombie_goat":3,"graveyard:corrupted_pillager":1}},"DataVersion":2975}