{"stats":{"minecraft:mined":{"quark:shale":15,"minecraft:granite":65,"hunting_delight:pigcorpse":2,"minecraft:polished_diorite":6,"minecraft:spruce_leaves":1,"minecraft:magma_block":3,"minecraft:iron_ore":17,"zombie_extreme:ore_steel":4,"minecraft:andesite":4,"hunting_delight:cowcorpse":1,"minecraft:stone":411,"minecraft:tripwire":4,"minecraft:glass_pane":2,"minecraft:crafting_table":2,"minecraft:copper_ore":36,"minecraft:cobblestone":29,"minecraft:wall_torch":4,"immersive_weathering:permafrost":2,"minecraft:spruce_log":6,"minecraft:coal_ore":31,"quark:spruce_chest":3,"minecraft:dirt":26,"minecraft:cobweb":4},"minecraft:dropped":{"hunting_delight:humanmeat":2,"minecraft:glow_berries":1,"tombstone:grave_key":1,"tombstone:grave_dust":4,"zombie_extreme:cleaver":1,"tombstone:gift":1,"minecraft:spruce_planks":3},"minecraft:killed_by":{"minecraft:spider":2,"hordes:zombie_player":2,"born_in_chaos_v1:corpse_fly":1,"zombie_extreme:chainsaw":1,"zombie_extreme:infected_police":1,"tenebrous_lands:demogon":1,"zombiemobs:zombie_ocelot":1,"minecraft:zombie":9,"graveyard:corrupted_vindicator":1,"graveyard:corrupted_pillager":1,"zombiemobs:zombie_wolf":1},"minecraft:used":{"zombie_extreme:cleaver":43,"minecraft:stone_sword":8,"minecraft:ladder":15,"minecraft:black_carpet":1,"minecraft:chest":2,"minecraft:shield":23,"minecraft:stone":53,"minecraft:torch":51,"minecraft:dirt":8,"scalinghealth:heart_crystal":1,"minecraft:granite":11,"minecraft:polished_diorite":5,"quark:spruce_chest":9,"hunting_delight:cookedhumanmeat":5,"minecraft:golden_sword":123,"minecraft:magma_block":4,"immersive_weathering:permafrost":2,"supplementaries:ash":1,"minecraft:furnace":6,"hunting_delight:pigcorpse":1,"tombstone:gift":1,"minecraft:stone_pickaxe":577,"minecraft:wooden_pickaxe":59,"minecraft:crafting_table":6,"zombie_extreme:golf_club":119,"minecraft:string":4,"minecraft:cobblestone":111,"toughasnails:purified_water_bottle":8,"minecraft:andesite":1},"minecraft:broken":{"minecraft:wooden_pickaxe":1,"minecraft:stone_pickaxe":3,"minecraft:golden_sword":1},"minecraft:custom":{"minecraft:mob_kills":66,"minecraft:interact_with_crafting_table":16,"minecraft:damage_dealt_resisted":471,"minecraft:leave_game":3,"minecraft:time_since_death":1228,"minecraft:climb_one_cm":3971,"minecraft:sprint_one_cm":149227,"minecraft:walk_one_cm":301471,"minecraft:damage_blocked_by_shield":688,"minecraft:drop":7,"minecraft:deaths":24,"minecraft:play_time":119484,"minecraft:sneak_time":9599,"minecraft:jump":1364,"minecraft:total_world_time":119484,"minecraft:interact_with_furnace":18,"minecraft:time_since_rest":1287,"minecraft:damage_taken":8199,"minecraft:damage_dealt":11353,"minecraft:fly_one_cm":303075,"minecraft:open_chest":41,"minecraft:crouch_one_cm":27942,"tombstone:undead_killed":42,"minecraft:fall_one_cm":12077},"minecraft:picked_up":{"zombie_extreme:cleaver":4,"minecraft:crafting_table":5,"minecraft:black_carpet":6,"minecraft:ladder":10,"zombie_extreme:raw_tin":4,"minecraft:potion":2,"minecraft:enchanted_book":1,"tombstone:grave_key":2,"minecraft:golden_sword":10,"minecraft:shield":1,"immersive_weathering:ash_layer_block":19,"minecraft:string":34,"minecraft:raw_copper":444,"born_in_chaos_v1:intoxicating_decoction":1,"graveyard:corruption":4,"zombie_extreme:golf_club":7,"quark:spruce_chest":10,"minecraft:spruce_planks":110,"minecraft:beef":1,"hunting_delight:pigcorpse":8,"minecraft:egg":4,"zombie_extreme:ignotsteel":5,"minecraft:furnace":8,"minecraft:tipped_arrow":3,"minecraft:raw_iron":35,"minecraft:stick":11,"minecraft:bowl":1,"hunting_delight:humanmeat":40,"hunting_delight:cookedhumanmeat":14,"minecraft:torch":83,"tombstone:grave_dust":15,"immersive_weathering:permafrost":8,"minecraft:stone_sword":1,"zombie_extreme:ignot_tin":2,"minecraft:arrow":20,"minecraft:light_gray_bed":2,"minecraft:rotten_flesh":328,"zombie_extreme:rotten_apple":5,"minecraft:totem_of_undying":7,"supplementaries:ash":4,"minecraft:glow_berries":1,"minecraft:cobblestone":2038,"born_in_chaos_v1:corpse_maggot":13,"minecraft:magma_block":3,"minecraft:feather":1,"born_in_chaos_v1:monster_flesh":5,"minecraft:andesite":23,"minecraft:leather":1,"bunker_down:steel_vent":2,"hunting_delight:cowcorpse":1,"minecraft:flint":13,"toughasnails:purified_water_bottle":2,"minecraft:gunpowder":4,"scalinghealth:heart_crystal":1,"farmersdelight:flint_knife":3,"minecraft:dirt":67,"minecraft:paper":1,"zombie_extreme:raw_steel":8,"tombstone:gift":2,"bunker_down:steel_block":5,"minecraft:red_carpet":1,"minecraft:bone":115,"minecraft:wheat_seeds":1,"minecraft:stone_pickaxe":11,"minecraft:iron_ingot":2,"minecraft:glass_bottle":5,"minecraft:milk_bucket":4,"quark:shale":48,"born_in_chaos_v1:ethereal_spirit":1,"minecraft:gravel":166,"minecraft:spruce_log":39,"minecraft:spider_eye":7,"minecraft:light_gray_concrete":20,"minecraft:sugar":1,"immersiveengineering:seed":1,"minecraft:polished_diorite":6,"minecraft:granite":527,"minecraft:bricks":4,"minecraft:coal":136},"minecraft:crafted":{"minecraft:furnace":2,"minecraft:stone_pickaxe":8,"quark:spruce_chest":2,"minecraft:crafting_table":1,"minecraft:spruce_planks":92,"farmersdelight:flint_knife":1,"minecraft:wooden_pickaxe":1,"minecraft:air":0,"minecraft:shield":1,"minecraft:stick":20,"minecraft:iron_ingot":3,"hunting_delight:cookedhumanmeat":5},"minecraft:killed":{"mca:female_zombie_villager":2,"hordes:zombie_player":14,"graveyard:corrupted_vindicator":1,"graveyard:revenant":1,"minecraft:spider":7,"zombiemobs:zombie_ocelot":2,"born_in_chaos_v1:maggot":2,"minecraft:phantom":2,"minecraft:skeleton":1,"zombie_extreme:runner":1,"zombie_extreme:crawler":1,"zombie_extreme:boomer":1,"zombie_extreme:military":1,"zombiemobs:zombie_fox":1,"minecraft:zombie":13,"born_in_chaos_v1:corpse_fly":2,"minecraft:stray":5,"zombiemobs:zombie_goat":3,"graveyard:corrupted_pillager":1}},"DataVersion":2975}