{"stats":{"minecraft:mined":{"minecraft:glass_pane":2,"minecraft:crafting_table":2,"minecraft:granite":42,"hunting_delight:pigcorpse":1,"minecraft:cobblestone":1,"minecraft:copper_ore":34,"minecraft:polished_diorite":4,"minecraft:spruce_leaves":1,"minecraft:wall_torch":3,"immersive_weathering:permafrost":2,"minecraft:magma_block":3,"zombie_extreme:ore_steel":4,"minecraft:spruce_log":6,"minecraft:andesite":1,"minecraft:coal_ore":25,"minecraft:dirt":26,"minecraft:stone":197,"minecraft:tripwire":4},"minecraft:dropped":{"hunting_delight:humanmeat":2,"minecraft:glow_berries":1,"minecraft:spruce_planks":3,"tombstone:grave_key":1},"minecraft:killed_by":{"tenebrous_lands:demogon":1,"zombiemobs:zombie_ocelot":1,"minecraft:zombie":6,"zombie_extreme:infected_police":1,"zombiemobs:zombie_wolf":1},"minecraft:used":{"zombie_extreme:cleaver":43,"minecraft:stone_pickaxe":264,"minecraft:ladder":15,"minecraft:black_carpet":1,"minecraft:wooden_pickaxe":59,"minecraft:stone":53,"minecraft:torch":24,"minecraft:dirt":7,"minecraft:crafting_table":4,"zombie_extreme:golf_club":15,"minecraft:granite":11,"minecraft:polished_diorite":4,"hunting_delight:cookedhumanmeat":2,"minecraft:string":4,"minecraft:golden_sword":56,"minecraft:magma_block":4,"minecraft:cobblestone":4,"immersive_weathering:permafrost":2,"supplementaries:ash":1,"toughasnails:purified_water_bottle":8,"minecraft:furnace":2,"hunting_delight:pigcorpse":1,"tombstone:gift":1},"minecraft:custom":{"minecraft:interact_with_furnace":3,"minecraft:mob_kills":30,"minecraft:interact_with_crafting_table":7,"minecraft:damage_dealt_resisted":50,"minecraft:leave_game":2,"minecraft:time_since_death":1279,"minecraft:climb_one_cm":3971,"minecraft:time_since_rest":1310,"minecraft:sprint_one_cm":67527,"minecraft:damage_taken":4316,"minecraft:walk_one_cm":127501,"minecraft:drop":4,"minecraft:damage_dealt":4520,"minecraft:fly_one_cm":132508,"minecraft:open_chest":5,"minecraft:crouch_one_cm":15053,"tombstone:undead_killed":16,"minecraft:play_time":64524,"minecraft:deaths":13,"minecraft:sneak_time":6277,"minecraft:jump":672,"minecraft:total_world_time":64524,"minecraft:fall_one_cm":7787},"minecraft:broken":{"minecraft:stone_pickaxe":1,"minecraft:wooden_pickaxe":1},"minecraft:picked_up":{"born_in_chaos_v1:corpse_maggot":9,"zombie_extreme:cleaver":3,"minecraft:magma_block":3,"minecraft:crafting_table":4,"minecraft:black_carpet":3,"minecraft:ladder":10,"born_in_chaos_v1:monster_flesh":3,"minecraft:andesite":8,"bunker_down:steel_vent":2,"minecraft:flint":5,"tombstone:grave_key":2,"toughasnails:purified_water_bottle":2,"minecraft:golden_sword":7,"minecraft:gunpowder":2,"farmersdelight:flint_knife":1,"immersive_weathering:ash_layer_block":13,"minecraft:string":15,"minecraft:dirt":67,"tombstone:gift":2,"zombie_extreme:raw_steel":8,"minecraft:raw_copper":396,"bunker_down:steel_block":5,"minecraft:red_carpet":1,"minecraft:bone":60,"zombie_extreme:golf_club":3,"minecraft:spruce_planks":5,"minecraft:stone_pickaxe":4,"hunting_delight:pigcorpse":5,"minecraft:glass_bottle":2,"minecraft:egg":2,"minecraft:furnace":4,"minecraft:stick":3,"minecraft:raw_iron":14,"minecraft:milk_bucket":3,"quark:shale":5,"hunting_delight:humanmeat":10,"minecraft:torch":12,"hunting_delight:cookedhumanmeat":4,"minecraft:gravel":60,"tombstone:grave_dust":6,"minecraft:spruce_log":9,"immersive_weathering:permafrost":8,"minecraft:spider_eye":2,"minecraft:light_gray_concrete":20,"minecraft:arrow":4,"minecraft:light_gray_bed":2,"minecraft:rotten_flesh":134,"immersiveengineering:seed":1,"minecraft:polished_diorite":4,"minecraft:granite":262,"minecraft:totem_of_undying":5,"supplementaries:ash":4,"minecraft:glow_berries":1,"minecraft:coal":90,"minecraft:cobblestone":812},"minecraft:crafted":{"minecraft:spruce_planks":76,"farmersdelight:flint_knife":1,"minecraft:wooden_pickaxe":1,"minecraft:furnace":2,"minecraft:air":0,"minecraft:stick":16,"minecraft:stone_pickaxe":4,"hunting_delight:cookedhumanmeat":4},"minecraft:killed":{"zombie_extreme:crawler":1,"mca:female_zombie_villager":2,"hordes:zombie_player":5,"minecraft:spider":4,"zombie_extreme:military":1,"born_in_chaos_v1:maggot":2,"minecraft:zombie":6,"born_in_chaos_v1:corpse_fly":1,"minecraft:stray":3}},"DataVersion":2975}