{"stats":{"minecraft:mined":{"quark:shale":15,"minecraft:granite":110,"hunting_delight:pigcorpse":2,"minecraft:polished_diorite":6,"minecraft:spruce_leaves":1,"minecraft:magma_block":3,"minecraft:iron_ore":17,"zombie_extreme:ore_steel":4,"minecraft:andesite":11,"hunting_delight:cowcorpse":1,"minecraft:stone":494,"minecraft:tripwire":4,"minecraft:glass_pane":2,"minecraft:crafting_table":2,"minecraft:copper_ore":38,"minecraft:cobblestone":64,"minecraft:wall_torch":4,"immersive_weathering:permafrost":2,"minecraft:ice":1,"minecraft:spruce_log":6,"minecraft:coal_ore":31,"quark:spruce_chest":3,"minecraft:dirt":26,"minecraft:cobweb":4},"minecraft:dropped":{"minecraft:wheat_seeds":1,"minecraft:crafting_table":1,"hunting_delight:humanmeat":6,"minecraft:cobblestone":384,"minecraft:glow_berries":1,"immersive_weathering:ash_layer_block":3,"minecraft:leather":1,"minecraft:granite":127,"zombie_extreme:rotten_apple":2,"minecraft:dirt":1,"tombstone:bag_of_seeds":1,"hunting_delight:cookedhumanmeat":2,"minecraft:torch":18,"tombstone:grave_key":5,"tombstone:grave_dust":5,"minecraft:potion":2,"minecraft:bucket":1,"minecraft:gravel":53,"minecraft:bricks":4,"zombie_extreme:cleaver":1,"minecraft:raw_copper":21,"minecraft:bowl":1,"tombstone:gift":1,"minecraft:rotten_flesh":6,"minecraft:spruce_planks":3,"minecraft:andesite":5,"minecraft:stone_pickaxe":1,"minecraft:egg":1},"minecraft:killed_by":{"minecraft:spider":3,"hordes:zombie_player":5,"born_in_chaos_v1:corpse_fly":2,"zombie_extreme:chainsaw":1,"zombie_extreme:infected_police":1,"tenebrous_lands:demogon":1,"zombiemobs:zombie_ocelot":1,"minecraft:zombie":10,"zombiemobs:zombie_chicken":1,"graveyard:corrupted_vindicator":1,"graveyard:corrupted_pillager":1,"rottencreatures:frostbitten":1,"zombiemobs:zombie_wolf":1},"minecraft:used":{"zombie_extreme:cleaver":149,"minecraft:stone_sword":8,"minecraft:ladder":15,"minecraft:black_carpet":1,"minecraft:chest":8,"minecraft:shield":36,"minecraft:stone":58,"minecraft:rotten_flesh":1,"minecraft:torch":65,"minecraft:dirt":8,"scalinghealth:heart_crystal":6,"farmersdelight:flint_knife":10,"minecraft:granite":14,"minecraft:milk_bucket":3,"minecraft:polished_diorite":5,"born_in_chaos_v1:supreme_measure":5,"quark:spruce_chest":14,"hunting_delight:cookedhumanmeat":7,"minecraft:golden_sword":156,"minecraft:magma_block":4,"immersive_weathering:permafrost":2,"supplementaries:ash":1,"minecraft:furnace":6,"hunting_delight:pigcorpse":1,"tombstone:gift":1,"tac:workbench":1,"minecraft:water_bucket":2,"minecraft:glass_bottle":8,"minecraft:stone_pickaxe":749,"minecraft:wooden_pickaxe":59,"minecraft:crafting_table":7,"zombie_extreme:golf_club":140,"minecraft:string":4,"minecraft:cobblestone":129,"minecraft:potion":7,"toughasnails:purified_water_bottle":8,"minecraft:andesite":1,"minecraft:bucket":2,"marbledsarsenal:winter_military_armor_boots":1,"marbledsarsenal:winter_military_armor_leggings":1},"minecraft:broken":{"minecraft:wooden_pickaxe":1,"minecraft:stone_pickaxe":5,"minecraft:golden_sword":1},"minecraft:custom":{"minecraft:mob_kills":110,"minecraft:interact_with_crafting_table":26,"minecraft:damage_dealt_resisted":807,"minecraft:leave_game":4,"minecraft:time_since_death":8311,"minecraft:climb_one_cm":3971,"minecraft:sprint_one_cm":246909,"minecraft:walk_one_cm":503366,"minecraft:damage_blocked_by_shield":1207,"minecraft:drop":43,"minecraft:damage_dealt_absorbed":90,"minecraft:play_time":174020,"minecraft:deaths":32,"minecraft:sneak_time":11615,"minecraft:walk_under_water_one_cm":121,"minecraft:jump":2054,"minecraft:walk_on_water_one_cm":310,"minecraft:total_world_time":174020,"minecraft:interact_with_furnace":20,"minecraft:time_since_rest":8340,"minecraft:damage_taken":11633,"minecraft:damage_dealt":19251,"minecraft:fly_one_cm":458651,"minecraft:player_kills":1,"minecraft:open_chest":109,"minecraft:crouch_one_cm":35085,"tombstone:undead_killed":74,"minecraft:fall_one_cm":15851},"minecraft:picked_up":{"zombie_extreme:cleaver":7,"minecraft:crafting_table":7,"minecraft:black_carpet":8,"marbledsarsenal:winter_military_armor_boots":2,"minecraft:ladder":10,"zombie_extreme:raw_tin":16,"minecraft:potion":3,"minecraft:enchanted_book":2,"marbledsarsenal:winter_military_armor_leggings":2,"marbledsarsenal:winter_military_armor_helmet":2,"tombstone:grave_key":5,"minecraft:shield":3,"minecraft:golden_sword":13,"immersive_weathering:ash_layer_block":22,"minecraft:string":62,"minecraft:raw_copper":472,"born_in_chaos_v1:intoxicating_decoction":1,"graveyard:corruption":9,"tac:tti_g34":2,"zombie_extreme:golf_club":9,"quark:spruce_chest":14,"minecraft:spruce_planks":110,"minecraft:beef":3,"hunting_delight:pigcorpse":10,"minecraft:chest":2,"minecraft:furnace":8,"zombie_extreme:ignotsteel":9,"minecraft:egg":5,"minecraft:tipped_arrow":9,"minecraft:stick":13,"minecraft:raw_iron":35,"immersiveengineering:shader_bag_epic":2,"hunting_delight:humanmeat":56,"minecraft:torch":146,"minecraft:bowl":2,"hunting_delight:cookedhumanmeat":50,"minecraft:pointed_dripstone":2,"tombstone:grave_dust":27,"immersive_weathering:permafrost":12,"minecraft:stone_sword":3,"zombie_extreme:ignot_tin":3,"minecraft:arrow":47,"minecraft:light_gray_bed":2,"minecraft:rotten_flesh":631,"zombie_extreme:rotten_apple":7,"minecraft:iron_block":1,"minecraft:totem_of_undying":9,"supplementaries:ash":4,"minecraft:glow_berries":1,"minecraft:cobblestone":2902,"born_in_chaos_v1:corpse_maggot":24,"minecraft:magma_block":3,"minecraft:feather":4,"born_in_chaos_v1:monster_flesh":12,"marbledsarsenal:winter_military_armor_chestplate":3,"minecraft:andesite":52,"minecraft:leather":4,"bunker_down:steel_vent":2,"hunting_delight:cowcorpse":4,"minecraft:flint":21,"scalinghealth:bandages":2,"toughasnails:purified_water_bottle":2,"minecraft:gunpowder":8,"scalinghealth:heart_crystal":7,"farmersdelight:flint_knife":5,"minecraft:dirt":72,"minecraft:paper":2,"zombie_extreme:raw_steel":8,"tombstone:gift":4,"bunker_down:steel_block":5,"minecraft:red_carpet":1,"minecraft:bone":228,"minecraft:wheat_seeds":2,"minecraft:stone_pickaxe":24,"minecraft:iron_ingot":9,"scalinghealth:power_crystal_shard":16,"tombstone:bag_of_seeds":2,"minecraft:glass_bottle":7,"tac:9mm_round":27,"scalinghealth:heart_crystal_shard":20,"minecraft:milk_bucket":5,"quark:shale":72,"born_in_chaos_v1:ethereal_spirit":3,"minecraft:gravel":239,"minecraft:spruce_log":46,"minecraft:spider_eye":12,"minecraft:bundle":2,"minecraft:light_gray_concrete":20,"minecraft:sugar":2,"immersiveengineering:seed":1,"minecraft:polished_diorite":6,"minecraft:granite":796,"minecraft:bricks":8,"minecraft:coal":136},"minecraft:crafted":{"minecraft:furnace":2,"minecraft:stone_pickaxe":12,"quark:spruce_chest":2,"minecraft:crafting_table":1,"minecraft:spruce_planks":96,"farmersdelight:flint_knife":1,"minecraft:wooden_pickaxe":1,"minecraft:bucket":1,"minecraft:air":0,"minecraft:shield":1,"minecraft:stick":28,"minecraft:iron_ingot":7,"hunting_delight:cookedhumanmeat":5,"tac:workbench":1},"minecraft:killed":{"mca:female_zombie_villager":2,"endofherobrine:zombie":1,"hordes:zombie_player":23,"zombie_extreme:night_hunter":1,"graveyard:corrupted_vindicator":1,"graveyard:revenant":1,"zombiemobs:zombie_chicken":2,"minecraft:spider":7,"zombiemobs:zombie_ocelot":2,"born_in_chaos_v1:maggot":7,"minecraft:phantom":2,"minecraft:skeleton":5,"zombie_extreme:runner":1,"zombiemobs:zombie_cow":1,"zombie_extreme:crawler":1,"zombiemobs:zombie_cat":1,"zombie_extreme:boomer":1,"zombie_extreme:military":1,"zombiemobs:zombie_fox":1,"minecraft:zombie":24,"born_in_chaos_v1:corpse_fly":2,"minecraft:stray":9,"zombiemobs:zombie_goat":3,"graveyard:corrupted_pillager":1}},"DataVersion":2975}