{"stats":{"minecraft:mined":{"minecraft:glass_pane":2,"minecraft:crafting_table":2,"minecraft:granite":42,"hunting_delight:pigcorpse":1,"minecraft:cobblestone":1,"minecraft:copper_ore":34,"minecraft:polished_diorite":4,"minecraft:wall_torch":3,"immersive_weathering:permafrost":2,"minecraft:magma_block":3,"zombie_extreme:ore_steel":4,"minecraft:spruce_log":4,"minecraft:andesite":1,"minecraft:coal_ore":25,"minecraft:dirt":18,"minecraft:stone":197,"minecraft:tripwire":4},"minecraft:dropped":{"hunting_delight:humanmeat":2,"minecraft:glow_berries":1,"tombstone:grave_key":1},"minecraft:killed_by":{"tenebrous_lands:demogon":1,"zombiemobs:zombie_ocelot":1,"minecraft:zombie":5},"minecraft:used":{"zombie_extreme:cleaver":38,"minecraft:stone_pickaxe":264,"minecraft:ladder":15,"minecraft:black_carpet":1,"minecraft:wooden_pickaxe":59,"minecraft:stone":53,"minecraft:torch":21,"minecraft:crafting_table":4,"zombie_extreme:golf_club":8,"minecraft:granite":11,"minecraft:polished_diorite":4,"hunting_delight:cookedhumanmeat":2,"minecraft:string":4,"minecraft:golden_sword":43,"minecraft:magma_block":4,"minecraft:cobblestone":3,"toughasnails:purified_water_bottle":8,"minecraft:furnace":2},"minecraft:custom":{"minecraft:interact_with_furnace":3,"minecraft:mob_kills":24,"minecraft:interact_with_crafting_table":6,"minecraft:damage_dealt_resisted":44,"minecraft:leave_game":2,"minecraft:time_since_death":10207,"minecraft:climb_one_cm":3971,"minecraft:time_since_rest":10239,"minecraft:sprint_one_cm":47800,"minecraft:damage_taken":3253,"minecraft:walk_one_cm":105526,"minecraft:drop":3,"minecraft:damage_dealt":3567,"minecraft:fly_one_cm":92417,"minecraft:open_chest":5,"minecraft:crouch_one_cm":14791,"tombstone:undead_killed":13,"minecraft:play_time":52524,"minecraft:deaths":10,"minecraft:sneak_time":6047,"minecraft:jump":509,"minecraft:total_world_time":52524,"minecraft:fall_one_cm":5879},"minecraft:broken":{"minecraft:stone_pickaxe":1,"minecraft:wooden_pickaxe":1},"minecraft:picked_up":{"born_in_chaos_v1:corpse_maggot":9,"zombie_extreme:cleaver":2,"minecraft:magma_block":3,"minecraft:crafting_table":4,"minecraft:black_carpet":3,"minecraft:ladder":10,"born_in_chaos_v1:monster_flesh":2,"minecraft:andesite":3,"bunker_down:steel_vent":2,"minecraft:flint":1,"tombstone:grave_key":2,"toughasnails:purified_water_bottle":2,"minecraft:golden_sword":5,"minecraft:gunpowder":2,"immersive_weathering:ash_layer_block":10,"minecraft:string":11,"minecraft:dirt":41,"tombstone:gift":1,"zombie_extreme:raw_steel":8,"minecraft:raw_copper":272,"bunker_down:steel_block":5,"minecraft:red_carpet":1,"minecraft:bone":45,"zombie_extreme:golf_club":2,"minecraft:spruce_planks":2,"minecraft:stone_pickaxe":3,"hunting_delight:pigcorpse":4,"minecraft:glass_bottle":1,"minecraft:egg":1,"minecraft:furnace":2,"minecraft:raw_iron":8,"minecraft:milk_bucket":3,"hunting_delight:humanmeat":8,"minecraft:torch":12,"hunting_delight:cookedhumanmeat":2,"minecraft:gravel":7,"tombstone:grave_dust":3,"minecraft:spruce_log":7,"immersive_weathering:permafrost":6,"minecraft:spider_eye":2,"minecraft:light_gray_concrete":20,"minecraft:arrow":4,"minecraft:light_gray_bed":2,"minecraft:rotten_flesh":77,"immersiveengineering:seed":1,"minecraft:polished_diorite":4,"minecraft:granite":171,"minecraft:totem_of_undying":4,"supplementaries:ash":3,"minecraft:glow_berries":1,"minecraft:coal":68,"minecraft:cobblestone":539},"minecraft:crafted":{"minecraft:spruce_planks":12,"farmersdelight:flint_knife":1,"minecraft:wooden_pickaxe":1,"minecraft:furnace":2,"minecraft:air":0,"minecraft:stick":12,"minecraft:stone_pickaxe":3,"hunting_delight:cookedhumanmeat":4},"minecraft:killed":{"mca:female_zombie_villager":1,"hordes:zombie_player":5,"minecraft:spider":4,"zombie_extreme:military":1,"born_in_chaos_v1:maggot":2,"minecraft:zombie":4,"born_in_chaos_v1:corpse_fly":1,"minecraft:stray":3}},"DataVersion":2975}