{"stats":{"minecraft:mined":{"minecraft:glass_pane":2,"quark:shale":15,"minecraft:crafting_table":2,"minecraft:granite":51,"hunting_delight:pigcorpse":2,"minecraft:copper_ore":36,"minecraft:cobblestone":11,"minecraft:polished_diorite":6,"minecraft:spruce_leaves":1,"minecraft:wall_torch":4,"immersive_weathering:permafrost":2,"minecraft:magma_block":3,"minecraft:iron_ore":17,"zombie_extreme:ore_steel":4,"minecraft:spruce_log":6,"minecraft:andesite":2,"minecraft:coal_ore":31,"quark:spruce_chest":2,"minecraft:dirt":26,"minecraft:cobweb":1,"minecraft:stone":388,"minecraft:tripwire":4},"minecraft:dropped":{"zombie_extreme:cleaver":1,"hunting_delight:humanmeat":2,"tombstone:gift":1,"minecraft:glow_berries":1,"minecraft:spruce_planks":3,"tombstone:grave_key":1,"tombstone:grave_dust":4},"minecraft:killed_by":{"tenebrous_lands:demogon":1,"zombiemobs:zombie_ocelot":1,"minecraft:spider":2,"minecraft:zombie":8,"hordes:zombie_player":2,"born_in_chaos_v1:corpse_fly":1,"zombie_extreme:chainsaw":1,"zombie_extreme:infected_police":1,"zombiemobs:zombie_wolf":1},"minecraft:used":{"zombie_extreme:cleaver":43,"minecraft:shield":23,"minecraft:stone_pickaxe":519,"minecraft:ladder":15,"minecraft:chest":2,"minecraft:black_carpet":1,"minecraft:wooden_pickaxe":59,"minecraft:stone":53,"minecraft:torch":51,"minecraft:dirt":8,"minecraft:crafting_table":6,"zombie_extreme:golf_club":105,"minecraft:granite":11,"minecraft:polished_diorite":4,"quark:spruce_chest":8,"hunting_delight:cookedhumanmeat":5,"minecraft:string":4,"minecraft:golden_sword":120,"minecraft:magma_block":4,"minecraft:cobblestone":98,"immersive_weathering:permafrost":2,"supplementaries:ash":1,"minecraft:furnace":6,"toughasnails:purified_water_bottle":8,"hunting_delight:pigcorpse":1,"minecraft:andesite":1,"tombstone:gift":1},"minecraft:custom":{"minecraft:interact_with_furnace":18,"minecraft:mob_kills":60,"minecraft:interact_with_crafting_table":15,"minecraft:damage_dealt_resisted":389,"minecraft:leave_game":3,"minecraft:time_since_death":741,"minecraft:climb_one_cm":3971,"minecraft:time_since_rest":767,"minecraft:sprint_one_cm":126703,"minecraft:damage_taken":6952,"minecraft:walk_one_cm":262738,"minecraft:damage_blocked_by_shield":688,"minecraft:drop":7,"minecraft:damage_dealt":10258,"minecraft:fly_one_cm":260487,"minecraft:open_chest":33,"minecraft:crouch_one_cm":26303,"minecraft:play_time":107484,"tombstone:undead_killed":37,"minecraft:deaths":21,"minecraft:sneak_time":9005,"minecraft:jump":1129,"minecraft:total_world_time":107484,"minecraft:fall_one_cm":9380},"minecraft:broken":{"minecraft:stone_pickaxe":3,"minecraft:golden_sword":1,"minecraft:wooden_pickaxe":1},"minecraft:picked_up":{"zombie_extreme:cleaver":4,"born_in_chaos_v1:corpse_maggot":13,"minecraft:crafting_table":5,"minecraft:magma_block":3,"minecraft:black_carpet":4,"minecraft:feather":1,"minecraft:ladder":10,"born_in_chaos_v1:monster_flesh":5,"minecraft:andesite":19,"bunker_down:steel_vent":2,"minecraft:enchanted_book":1,"minecraft:potion":2,"minecraft:flint":13,"minecraft:paper":1,"tombstone:grave_key":2,"toughasnails:purified_water_bottle":2,"minecraft:golden_sword":9,"minecraft:gunpowder":4,"immersive_weathering:ash_layer_block":19,"farmersdelight:flint_knife":3,"minecraft:string":30,"minecraft:dirt":67,"zombie_extreme:raw_steel":8,"tombstone:gift":2,"minecraft:raw_copper":434,"bunker_down:steel_block":5,"born_in_chaos_v1:intoxicating_decoction":1,"minecraft:red_carpet":1,"minecraft:bone":105,"graveyard:corruption":2,"zombie_extreme:golf_club":5,"quark:spruce_chest":8,"minecraft:spruce_planks":108,"minecraft:stone_pickaxe":7,"hunting_delight:pigcorpse":8,"minecraft:glass_bottle":5,"zombie_extreme:ignotsteel":5,"minecraft:furnace":8,"minecraft:egg":4,"minecraft:tipped_arrow":1,"minecraft:stick":10,"minecraft:raw_iron":35,"minecraft:milk_bucket":4,"quark:shale":33,"hunting_delight:humanmeat":38,"minecraft:torch":82,"hunting_delight:cookedhumanmeat":14,"minecraft:gravel":166,"tombstone:grave_dust":15,"minecraft:spruce_log":39,"immersive_weathering:permafrost":8,"minecraft:spider_eye":7,"zombie_extreme:ignot_tin":1,"minecraft:stone_sword":1,"minecraft:sugar":1,"minecraft:light_gray_concrete":20,"minecraft:arrow":12,"minecraft:light_gray_bed":2,"minecraft:rotten_flesh":317,"immersiveengineering:seed":1,"minecraft:polished_diorite":5,"minecraft:granite":493,"zombie_extreme:rotten_apple":4,"minecraft:totem_of_undying":7,"supplementaries:ash":4,"minecraft:glow_berries":1,"minecraft:coal":136,"minecraft:cobblestone":1735},"minecraft:crafted":{"minecraft:crafting_table":1,"minecraft:spruce_planks":92,"farmersdelight:flint_knife":1,"minecraft:wooden_pickaxe":1,"minecraft:furnace":2,"minecraft:air":0,"minecraft:shield":1,"minecraft:stick":16,"minecraft:iron_ingot":3,"minecraft:stone_pickaxe":6,"hunting_delight:cookedhumanmeat":5,"quark:spruce_chest":2},"minecraft:killed":{"zombie_extreme:crawler":1,"mca:female_zombie_villager":2,"graveyard:corrupted_vindicator":1,"zombie_extreme:boomer":1,"hordes:zombie_player":12,"graveyard:revenant":1,"minecraft:spider":7,"zombiemobs:zombie_ocelot":2,"zombie_extreme:military":1,"born_in_chaos_v1:maggot":2,"minecraft:phantom":2,"minecraft:skeleton":1,"zombiemobs:zombie_fox":1,"minecraft:zombie":13,"born_in_chaos_v1:corpse_fly":2,"minecraft:stray":5,"graveyard:corrupted_pillager":1,"zombie_extreme:runner":1}},"DataVersion":2975}