{"stats":{"minecraft:mined":{"minecraft:tuff":19,"quark:shale":38,"minecraft:granite":339,"hunting_delight:pigcorpse":3,"minecraft:polished_diorite":6,"minecraft:spruce_leaves":1,"minecraft:magma_block":3,"minecraft:iron_ore":24,"zombie_extreme:ore_steel":4,"minecraft:andesite":25,"zombie_extreme:deepslate_tin":4,"minecraft:deepslate_iron_ore":2,"hunting_delight:cowcorpse":1,"minecraft:stone":941,"minecraft:tripwire":4,"minecraft:glass_pane":2,"minecraft:torch":1,"minecraft:crafting_table":2,"minecraft:copper_ore":61,"minecraft:cobblestone":134,"minecraft:diorite":14,"minecraft:wall_torch":6,"immersive_weathering:permafrost":2,"minecraft:ice":1,"minecraft:spruce_log":11,"minecraft:coal_ore":46,"hunting_delight:chickencorpse":1,"minecraft:dripstone_block":3,"quark:spruce_chest":3,"minecraft:gravel":11,"minecraft:dirt":26,"minecraft:cobweb":9,"minecraft:deepslate":83},"minecraft:dropped":{"minecraft:wheat_seeds":1,"minecraft:cooked_porkchop":1,"minecraft:crafting_table":1,"hunting_delight:humanmeat":6,"minecraft:glow_berries":1,"minecraft:cobblestone":384,"immersive_weathering:ash_layer_block":3,"minecraft:leather":1,"minecraft:granite":127,"zombie_extreme:rotten_apple":2,"tombstone:bag_of_seeds":1,"minecraft:dirt":1,"hunting_delight:cookedhumanmeat":2,"minecraft:torch":18,"tombstone:grave_key":5,"minecraft:snowball":1,"tombstone:grave_dust":5,"minecraft:potion":2,"minecraft:bucket":1,"minecraft:gravel":54,"minecraft:bricks":4,"zombie_extreme:cleaver":1,"minecraft:raw_copper":21,"minecraft:bowl":1,"tombstone:gift":1,"minecraft:rotten_flesh":6,"minecraft:spruce_planks":3,"minecraft:andesite":5,"minecraft:stone_pickaxe":2,"minecraft:egg":1},"minecraft:killed_by":{"minecraft:player":1,"mca:female_zombie_villager":1,"minecraft:spider":4,"hordes:zombie_player":5,"born_in_chaos_v1:corpse_fly":2,"zombie_extreme:chainsaw":1,"zombie_extreme:infected_police":1,"tenebrous_lands:demogon":1,"zombiemobs:zombie_ocelot":1,"minecraft:zombie":10,"zombiemobs:zombie_chicken":1,"graveyard:corrupted_vindicator":1,"graveyard:corrupted_pillager":1,"born_in_chaos_v1:maggot":1,"rottencreatures:frostbitten":1,"zombiemobs:zombie_wolf":2},"minecraft:used":{"zombie_extreme:cleaver":232,"minecraft:stone_sword":8,"minecraft:chest":12,"minecraft:ladder":15,"minecraft:black_carpet":1,"minecraft:stone":58,"minecraft:shield":77,"minecraft:rotten_flesh":1,"minecraft:torch":112,"minecraft:dirt":8,"scalinghealth:heart_crystal":18,"farmersdelight:flint_knife":18,"minecraft:polished_diorite":5,"minecraft:granite":66,"minecraft:milk_bucket":3,"born_in_chaos_v1:supreme_measure":81,"quark:spruce_chest":18,"hunting_delight:cookedhumanmeat":18,"minecraft:golden_sword":202,"minecraft:magma_block":4,"supplementaries:ash":1,"immersive_weathering:permafrost":2,"minecraft:furnace":6,"hunting_delight:pigcorpse":2,"tombstone:gift":1,"minecraft:cobbled_deepslate":1,"vanillahammers:iron_hammer":45,"tac:workbench":2,"minecraft:water_bucket":2,"minecraft:stone_pickaxe":1303,"minecraft:glass_bottle":18,"minecraft:wooden_pickaxe":59,"zombie_extreme:crowbar":257,"minecraft:crafting_table":8,"zombie_extreme:golf_club":221,"minecraft:string":4,"hunting_delight:cowcorpse":1,"minecraft:cobblestone":278,"minecraft:potion":24,"toughasnails:purified_water_bottle":8,"minecraft:cooked_porkchop":7,"minecraft:andesite":23,"minecraft:bucket":2,"marbledsarsenal:winter_military_armor_boots":1,"marbledsarsenal:winter_military_armor_leggings":1,"minecraft:splash_potion":133},"minecraft:broken":{"marbledsarsenal:winter_military_armor_leggings":1,"minecraft:wooden_pickaxe":1,"minecraft:stone_pickaxe":8,"minecraft:golden_sword":2,"zombie_extreme:cleaver":1,"zombie_extreme:golf_club":1,"marbledsarsenal:winter_military_armor_helmet":1,"marbledsarsenal:winter_military_armor_chestplate":1,"marbledsarsenal:winter_military_armor_boots":1},"minecraft:custom":{"minecraft:mob_kills":338,"minecraft:interact_with_crafting_table":29,"minecraft:damage_dealt_resisted":65693,"minecraft:leave_game":7,"minecraft:time_since_death":29347,"minecraft:climb_one_cm":3971,"minecraft:sprint_one_cm":423198,"minecraft:walk_one_cm":1026665,"minecraft:damage_blocked_by_shield":2417,"minecraft:drop":47,"minecraft:damage_dealt_absorbed":90,"minecraft:play_time":285180,"minecraft:sneak_time":19260,"minecraft:deaths":37,"minecraft:walk_under_water_one_cm":121,"minecraft:jump":2917,"minecraft:walk_on_water_one_cm":367,"minecraft:total_world_time":285180,"minecraft:interact_with_furnace":23,"minecraft:time_since_rest":29374,"minecraft:damage_taken":27449,"minecraft:damage_dealt":47662,"minecraft:fly_one_cm":565220,"minecraft:player_kills":1,"minecraft:open_chest":198,"minecraft:crouch_one_cm":72657,"tombstone:undead_killed":202,"minecraft:fall_one_cm":30110},"minecraft:picked_up":{"quark:diamond_heart":1,"rottencreatures:frozen_rotten_flesh":4,"zombie_extreme:cleaver":8,"minecraft:seagrass":1,"minecraft:crafting_table":7,"minecraft:black_carpet":9,"marbledsarsenal:winter_military_armor_boots":6,"minecraft:chainmail_boots":1,"minecraft:chicken":7,"minecraft:ladder":10,"born_in_chaos_v1:seedof_chaos":1,"zombie_extreme:raw_tin":24,"minecraft:enchanted_book":3,"minecraft:potion":3,"marbledsarsenal:winter_military_armor_leggings":7,"marbledsarsenal:winter_military_armor_helmet":5,"tombstone:grave_key":5,"minecraft:golden_sword":15,"minecraft:shield":6,"minecraft:brick":1,"immersive_weathering:ash_layer_block":22,"minecraft:string":124,"minecraft:raw_copper":659,"born_in_chaos_v1:intoxicating_decoction":1,"graveyard:corruption":16,"tac:tti_g34":4,"zombie_extreme:golf_club":9,"quark:spruce_chest":14,"minecraft:cobbled_deepslate":100,"minecraft:bucket":1,"minecraft:spruce_planks":110,"minecraft:beef":16,"minecraft:poppy":1,"hunting_delight:pigcorpse":13,"minecraft:chest":3,"butchersdelightfoods:porkribs":3,"minecraft:egg":24,"minecraft:phantom_membrane":1,"zombie_extreme:ignotsteel":9,"minecraft:furnace":8,"minecraft:golden_helmet":1,"minecraft:tipped_arrow":17,"minecraft:raw_iron":40,"minecraft:stick":19,"immersiveengineering:shader_bag_epic":8,"minecraft:stone":7,"minecraft:oak_door":1,"hunting_delight:humanmeat":66,"minecraft:torch":185,"minecraft:bowl":2,"hunting_delight:cookedhumanmeat":59,"sophisticatedbackpacks:backpack":3,"minecraft:porkchop":23,"born_in_chaos_v1:pieceofdarkmetal":3,"tombstone:grave_dust":72,"minecraft:pointed_dripstone":9,"minecraft:diorite":30,"zombie_extreme:gas_mask_helmet":1,"minecraft:carrot":3,"immersive_weathering:permafrost":12,"zombie_extreme:ignot_tin":3,"minecraft:stone_sword":3,"minecraft:arrow":89,"minecraft:light_gray_bed":2,"minecraft:rotten_flesh":1003,"immersiveengineering:shader":1,"zombie_extreme:rotten_apple":11,"minecraft:iron_block":1,"minecraft:totem_of_undying":9,"supplementaries:ash":4,"minecraft:glow_berries":1,"hunting_delight:chickencorpse":2,"minecraft:snowball":3,"minecraft:cobblestone":4029,"minecraft:tuff":33,"born_in_chaos_v1:corpse_maggot":48,"minecraft:magma_block":3,"minecraft:feather":21,"born_in_chaos_v1:monster_flesh":18,"marbledsarsenal:winter_military_armor_chestplate":8,"minecraft:glow_ink_sac":12,"minecraft:andesite":93,"zombie_extreme:juggernaut_suit_leggings":1,"minecraft:leather":10,"minecraft:golden_leggings":1,"bunker_down:steel_vent":2,"minecraft:potato":1,"hunting_delight:cowcorpse":4,"scalinghealth:bandages":12,"minecraft:flint":23,"toughasnails:purified_water_bottle":2,"minecraft:dirt":116,"minecraft:chainmail_chestplate":1,"zombie_extreme:crowbar":2,"minecraft:golden_boots":1,"minecraft:gunpowder":16,"scalinghealth:heart_crystal":45,"farmersdelight:flint_knife":6,"tombstone:gift":6,"minecraft:paper":2,"zombie_extreme:raw_steel":8,"scalinghealth:medkit":1,"bunker_down:steel_block":5,"born_in_chaos_v1:monster_skin":1,"minecraft:red_carpet":1,"minecraft:bone":623,"minecraft:bow":2,"minecraft:wheat_seeds":2,"minecraft:raw_gold":1,"minecraft:iron_ingot":11,"tac:deagle_357":1,"minecraft:stone_pickaxe":29,"scalinghealth:power_crystal_shard":24,"hunting_delight:rawsquid":7,"tombstone:bag_of_seeds":5,"zombie_extreme:cloth":1,"minecraft:glass_bottle":9,"tac:9mm_round":43,"tac:ae50":35,"scalinghealth:heart_crystal_shard":46,"minecraft:milk_bucket":5,"quark:shale":175,"born_in_chaos_v1:ethereal_spirit":4,"minecraft:dripstone_block":5,"minecraft:gravel":307,"butchersdelightfoods:porkloin":1,"minecraft:spruce_log":51,"tenebrous_lands:zenyr":4,"minecraft:spider_eye":26,"minecraft:bundle":5,"minecraft:light_gray_concrete":20,"minecraft:sugar":2,"immersiveengineering:seed":1,"tombstone:familiar_stone":3,"minecraft:polished_diorite":6,"hunting_delight:huntingknife":1,"minecraft:granite":1094,"minecraft:bone_meal":9,"born_in_chaos_v1:rotten_fish":2,"tombstone:magic_scroll":5,"minecraft:bricks":12,"minecraft:coal":179,"minecraft:ender_pearl":1},"minecraft:crafted":{"minecraft:furnace":2,"minecraft:stone_pickaxe":12,"quark:spruce_chest":2,"hunting_delight:huntingknife":2,"minecraft:crafting_table":1,"minecraft:spruce_planks":116,"minecraft:wooden_pickaxe":1,"farmersdelight:flint_knife":1,"minecraft:bucket":1,"minecraft:air":0,"minecraft:shield":1,"minecraft:stick":32,"minecraft:iron_ingot":7,"vanillahammers:iron_hammer":1,"minecraft:iron_block":2,"hunting_delight:cookedhumanmeat":5,"tac:workbench":1},"minecraft:killed":{"endofherobrine:builder":1,"mca:female_zombie_villager":6,"minecraft:cave_spider":2,"endofherobrine:zombie":1,"mca:male_zombie_villager":2,"graveyard:skeleton_creeper":1,"hordes:zombie_player":25,"zombie_extreme:night_hunter":2,"graveyard:corrupted_vindicator":3,"graveyard:revenant":4,"zombiemobs:zombie_chicken":3,"minecraft:spider":26,"zombie_extreme:infected_juggernaut":1,"zombiemobs:zombie_llama":1,"zombiemobs:zombie_turtle":1,"zombiemobs:zombie_ocelot":3,"minecraft:zombie_horse":3,"born_in_chaos_v1:maggot":26,"minecraft:phantom":6,"creeperoverhaul:snowy_creeper":1,"minecraft:skeleton":20,"graveyard:acolyte":1,"minecraft:chicken":3,"creeperoverhaul:cave_creeper":2,"zombiemobs:zombie_wolf":3,"zombie_extreme:runner":3,"zombiemobs:zombie_cow":2,"rottencreatures:undead_miner":1,"zombiemobs:zombie_pig":3,"zombie_extreme:crawler":4,"born_in_chaos_v1:fallen_chaos_knight":1,"zombiemobs:zombie_cat":2,"zombie_extreme:boomer":2,"born_in_chaos_v1:swarmer":1,"zombie_extreme:infected_military":3,"zombie_extreme:infected":1,"zombiemobs:zombie_mooshroom":1,"endofherobrine:zombie_villager":2,"rottencreatures:frostbitten":2,"minecraft:bat":2,"zombie_extreme:military":1,"born_in_chaos_v1:decrepit_skeleton":2,"zombiemobs:zombie_fox":4,"born_in_chaos_v1:bloody_gadfly":1,"minecraft:zombie":94,"born_in_chaos_v1:dread_hound":4,"born_in_chaos_v1:corpse_fly":10,"tenebrous_lands:abaddon":1,"minecraft:stray":14,"endofherobrine:chicken":1,"zombie_extreme:infected_police":1,"zombiemobs:zombie_goat":3,"minecraft:glow_squid":1,"graveyard:corrupted_pillager":5}},"DataVersion":2975}