{"stats":{"minecraft:mined":{"minecraft:glass_pane":2,"quark:shale":11,"minecraft:crafting_table":2,"minecraft:granite":42,"hunting_delight:pigcorpse":2,"minecraft:copper_ore":34,"minecraft:cobblestone":4,"minecraft:polished_diorite":5,"minecraft:spruce_leaves":1,"minecraft:wall_torch":3,"immersive_weathering:permafrost":2,"minecraft:magma_block":3,"zombie_extreme:ore_steel":4,"minecraft:spruce_log":6,"minecraft:andesite":2,"minecraft:coal_ore":25,"quark:spruce_chest":2,"minecraft:dirt":26,"minecraft:cobweb":1,"minecraft:stone":354,"minecraft:tripwire":4},"minecraft:dropped":{"zombie_extreme:cleaver":1,"hunting_delight:humanmeat":2,"tombstone:gift":1,"minecraft:glow_berries":1,"minecraft:spruce_planks":3,"tombstone:grave_key":1,"tombstone:grave_dust":4},"minecraft:killed_by":{"tenebrous_lands:demogon":1,"zombiemobs:zombie_ocelot":1,"minecraft:spider":2,"minecraft:zombie":7,"hordes:zombie_player":1,"born_in_chaos_v1:corpse_fly":1,"zombie_extreme:chainsaw":1,"zombie_extreme:infected_police":1,"zombiemobs:zombie_wolf":1},"minecraft:used":{"zombie_extreme:cleaver":43,"minecraft:stone_pickaxe":438,"minecraft:ladder":15,"minecraft:chest":2,"minecraft:black_carpet":1,"minecraft:wooden_pickaxe":59,"minecraft:stone":53,"minecraft:torch":49,"minecraft:dirt":8,"minecraft:crafting_table":5,"zombie_extreme:golf_club":56,"minecraft:granite":11,"minecraft:polished_diorite":4,"quark:spruce_chest":8,"hunting_delight:cookedhumanmeat":5,"minecraft:string":4,"minecraft:golden_sword":115,"minecraft:magma_block":4,"minecraft:cobblestone":96,"immersive_weathering:permafrost":2,"supplementaries:ash":1,"minecraft:furnace":4,"toughasnails:purified_water_bottle":8,"hunting_delight:pigcorpse":1,"tombstone:gift":1},"minecraft:custom":{"minecraft:interact_with_furnace":11,"minecraft:mob_kills":49,"minecraft:interact_with_crafting_table":9,"minecraft:damage_dealt_resisted":236,"minecraft:leave_game":3,"minecraft:time_since_death":12612,"minecraft:climb_one_cm":3971,"minecraft:time_since_rest":12640,"minecraft:sprint_one_cm":113875,"minecraft:damage_taken":6130,"minecraft:walk_one_cm":216414,"minecraft:drop":7,"minecraft:damage_dealt":8072,"minecraft:fly_one_cm":225890,"minecraft:open_chest":26,"minecraft:crouch_one_cm":26062,"minecraft:play_time":95484,"tombstone:undead_killed":30,"minecraft:deaths":19,"minecraft:sneak_time":8968,"minecraft:jump":987,"minecraft:total_world_time":95484,"minecraft:fall_one_cm":8776},"minecraft:broken":{"minecraft:stone_pickaxe":2,"minecraft:golden_sword":1,"minecraft:wooden_pickaxe":1},"minecraft:picked_up":{"zombie_extreme:cleaver":4,"born_in_chaos_v1:corpse_maggot":13,"minecraft:crafting_table":5,"minecraft:magma_block":3,"minecraft:black_carpet":4,"minecraft:feather":1,"minecraft:ladder":10,"born_in_chaos_v1:monster_flesh":5,"minecraft:andesite":19,"bunker_down:steel_vent":2,"minecraft:enchanted_book":1,"minecraft:potion":2,"minecraft:flint":13,"minecraft:paper":1,"tombstone:grave_key":2,"toughasnails:purified_water_bottle":2,"minecraft:golden_sword":9,"minecraft:gunpowder":4,"immersive_weathering:ash_layer_block":19,"farmersdelight:flint_knife":3,"minecraft:string":30,"minecraft:dirt":67,"zombie_extreme:raw_steel":8,"tombstone:gift":2,"minecraft:raw_copper":429,"bunker_down:steel_block":5,"born_in_chaos_v1:intoxicating_decoction":1,"minecraft:red_carpet":1,"minecraft:bone":96,"zombie_extreme:golf_club":5,"quark:spruce_chest":8,"minecraft:spruce_planks":108,"minecraft:stone_pickaxe":7,"hunting_delight:pigcorpse":8,"minecraft:glass_bottle":5,"zombie_extreme:ignotsteel":5,"minecraft:furnace":8,"minecraft:egg":4,"minecraft:stick":10,"minecraft:raw_iron":18,"minecraft:milk_bucket":4,"quark:shale":29,"hunting_delight:humanmeat":38,"minecraft:torch":80,"hunting_delight:cookedhumanmeat":14,"minecraft:gravel":166,"tombstone:grave_dust":15,"minecraft:spruce_log":39,"immersive_weathering:permafrost":8,"minecraft:spider_eye":7,"minecraft:stone_sword":1,"minecraft:sugar":1,"minecraft:light_gray_concrete":20,"minecraft:arrow":8,"minecraft:light_gray_bed":2,"minecraft:rotten_flesh":314,"immersiveengineering:seed":1,"minecraft:polished_diorite":5,"minecraft:granite":484,"zombie_extreme:rotten_apple":4,"minecraft:totem_of_undying":7,"supplementaries:ash":4,"minecraft:glow_berries":1,"minecraft:coal":130,"minecraft:cobblestone":1694},"minecraft:crafted":{"minecraft:spruce_planks":80,"farmersdelight:flint_knife":1,"minecraft:wooden_pickaxe":1,"minecraft:furnace":2,"minecraft:air":0,"minecraft:stick":16,"minecraft:stone_pickaxe":4,"hunting_delight:cookedhumanmeat":5,"quark:spruce_chest":2},"minecraft:killed":{"zombie_extreme:crawler":1,"mca:female_zombie_villager":2,"zombie_extreme:boomer":1,"hordes:zombie_player":12,"minecraft:spider":7,"zombiemobs:zombie_ocelot":2,"zombie_extreme:military":1,"born_in_chaos_v1:maggot":2,"minecraft:phantom":1,"minecraft:zombie":11,"born_in_chaos_v1:corpse_fly":2,"minecraft:stray":3}},"DataVersion":2975}