{"stats":{"minecraft:mined":{"minecraft:glass_pane":2,"minecraft:crafting_table":2,"minecraft:granite":42,"hunting_delight:pigcorpse":2,"minecraft:copper_ore":34,"minecraft:cobblestone":3,"minecraft:polished_diorite":4,"minecraft:spruce_leaves":1,"minecraft:wall_torch":3,"immersive_weathering:permafrost":2,"minecraft:magma_block":3,"zombie_extreme:ore_steel":4,"minecraft:spruce_log":6,"minecraft:andesite":1,"minecraft:coal_ore":25,"quark:spruce_chest":1,"minecraft:dirt":26,"minecraft:stone":199,"minecraft:tripwire":4},"minecraft:dropped":{"zombie_extreme:cleaver":1,"hunting_delight:humanmeat":2,"tombstone:gift":1,"minecraft:glow_berries":1,"minecraft:spruce_planks":3,"tombstone:grave_key":1,"tombstone:grave_dust":4},"minecraft:killed_by":{"tenebrous_lands:demogon":1,"zombiemobs:zombie_ocelot":1,"minecraft:spider":2,"minecraft:zombie":7,"hordes:zombie_player":1,"born_in_chaos_v1:corpse_fly":1,"zombie_extreme:chainsaw":1,"zombie_extreme:infected_police":1,"zombiemobs:zombie_wolf":1},"minecraft:used":{"zombie_extreme:cleaver":43,"minecraft:stone_pickaxe":269,"minecraft:ladder":15,"minecraft:black_carpet":1,"minecraft:wooden_pickaxe":59,"minecraft:stone":53,"minecraft:torch":26,"minecraft:dirt":8,"minecraft:crafting_table":5,"zombie_extreme:golf_club":56,"minecraft:granite":11,"minecraft:polished_diorite":4,"quark:spruce_chest":5,"hunting_delight:cookedhumanmeat":5,"minecraft:string":4,"minecraft:golden_sword":93,"minecraft:magma_block":4,"minecraft:cobblestone":13,"immersive_weathering:permafrost":2,"supplementaries:ash":1,"minecraft:furnace":4,"toughasnails:purified_water_bottle":8,"hunting_delight:pigcorpse":1,"tombstone:gift":1},"minecraft:custom":{"minecraft:interact_with_furnace":11,"minecraft:mob_kills":45,"minecraft:interact_with_crafting_table":9,"minecraft:damage_dealt_resisted":236,"minecraft:leave_game":3,"minecraft:time_since_death":612,"minecraft:climb_one_cm":3971,"minecraft:time_since_rest":640,"minecraft:sprint_one_cm":100797,"minecraft:damage_taken":6130,"minecraft:walk_one_cm":193636,"minecraft:drop":7,"minecraft:damage_dealt":7347,"minecraft:fly_one_cm":216933,"minecraft:open_chest":14,"minecraft:crouch_one_cm":15442,"minecraft:play_time":83484,"tombstone:undead_killed":26,"minecraft:deaths":19,"minecraft:sneak_time":6379,"minecraft:jump":923,"minecraft:total_world_time":83484,"minecraft:fall_one_cm":8776},"minecraft:broken":{"minecraft:stone_pickaxe":1,"minecraft:golden_sword":1,"minecraft:wooden_pickaxe":1},"minecraft:picked_up":{"zombie_extreme:cleaver":3,"born_in_chaos_v1:corpse_maggot":9,"minecraft:crafting_table":5,"minecraft:magma_block":3,"minecraft:black_carpet":3,"minecraft:ladder":10,"born_in_chaos_v1:monster_flesh":4,"minecraft:andesite":13,"bunker_down:steel_vent":2,"minecraft:flint":9,"tombstone:grave_key":2,"toughasnails:purified_water_bottle":2,"minecraft:golden_sword":8,"minecraft:gunpowder":2,"immersive_weathering:ash_layer_block":16,"farmersdelight:flint_knife":2,"minecraft:string":23,"minecraft:dirt":67,"zombie_extreme:raw_steel":8,"tombstone:gift":2,"minecraft:raw_copper":418,"bunker_down:steel_block":5,"minecraft:red_carpet":1,"minecraft:bone":79,"zombie_extreme:golf_club":4,"quark:spruce_chest":5,"minecraft:spruce_planks":57,"minecraft:stone_pickaxe":5,"hunting_delight:pigcorpse":7,"minecraft:glass_bottle":4,"zombie_extreme:ignotsteel":1,"minecraft:furnace":6,"minecraft:egg":3,"minecraft:stick":5,"minecraft:raw_iron":14,"minecraft:milk_bucket":3,"quark:shale":11,"hunting_delight:humanmeat":28,"minecraft:torch":47,"hunting_delight:cookedhumanmeat":9,"minecraft:gravel":113,"tombstone:grave_dust":10,"minecraft:spruce_log":24,"immersive_weathering:permafrost":8,"minecraft:spider_eye":2,"minecraft:light_gray_concrete":20,"minecraft:arrow":4,"minecraft:light_gray_bed":2,"minecraft:rotten_flesh":216,"immersiveengineering:seed":1,"minecraft:polished_diorite":4,"minecraft:granite":382,"zombie_extreme:rotten_apple":3,"minecraft:totem_of_undying":6,"supplementaries:ash":4,"minecraft:glow_berries":1,"minecraft:coal":110,"minecraft:cobblestone":1219},"minecraft:crafted":{"minecraft:spruce_planks":80,"farmersdelight:flint_knife":1,"minecraft:wooden_pickaxe":1,"minecraft:furnace":2,"minecraft:air":0,"minecraft:stick":16,"minecraft:stone_pickaxe":4,"hunting_delight:cookedhumanmeat":5,"quark:spruce_chest":2},"minecraft:killed":{"zombie_extreme:crawler":1,"mca:female_zombie_villager":2,"zombie_extreme:boomer":1,"hordes:zombie_player":10,"minecraft:spider":7,"zombie_extreme:military":1,"born_in_chaos_v1:maggot":2,"minecraft:phantom":1,"minecraft:zombie":11,"born_in_chaos_v1:corpse_fly":2,"minecraft:stray":3}},"DataVersion":2975}