{"stats":{"minecraft:mined":{"immersive_weathering:permafrost":2,"minecraft:magma_block":2,"minecraft:glass_pane":2,"zombie_extreme:ore_steel":4,"minecraft:andesite":1,"minecraft:spruce_log":2,"minecraft:crafting_table":2,"minecraft:granite":2,"minecraft:coal_ore":25,"hunting_delight:pigcorpse":1,"minecraft:dirt":5,"minecraft:copper_ore":22,"minecraft:polished_diorite":4,"minecraft:stone":94,"minecraft:wall_torch":1},"minecraft:used":{"minecraft:stone_pickaxe":101,"minecraft:ladder":15,"minecraft:wooden_pickaxe":59,"minecraft:stone":53,"minecraft:torch":11,"minecraft:golden_sword":22,"minecraft:magma_block":2,"minecraft:crafting_table":1,"toughasnails:purified_water_bottle":7,"minecraft:polished_diorite":4},"minecraft:killed_by":{"tenebrous_lands:demogon":1,"minecraft:zombie":3},"minecraft:broken":{"minecraft:wooden_pickaxe":1},"minecraft:custom":{"minecraft:time_since_rest":13268,"minecraft:sprint_one_cm":31536,"minecraft:damage_taken":1504,"minecraft:walk_one_cm":38180,"minecraft:mob_kills":8,"minecraft:damage_dealt":880,"minecraft:interact_with_crafting_table":2,"minecraft:fly_one_cm":64387,"minecraft:open_chest":5,"minecraft:crouch_one_cm":6567,"minecraft:play_time":28524,"tombstone:undead_killed":3,"minecraft:deaths":7,"minecraft:sneak_time":3478,"minecraft:jump":223,"minecraft:damage_dealt_resisted":24,"minecraft:leave_game":2,"minecraft:time_since_death":13230,"minecraft:climb_one_cm":3971,"minecraft:total_world_time":28524,"minecraft:fall_one_cm":1649},"minecraft:picked_up":{"minecraft:crafting_table":2,"born_in_chaos_v1:corpse_maggot":6,"minecraft:magma_block":2,"minecraft:milk_bucket":2,"minecraft:black_carpet":1,"minecraft:ladder":10,"minecraft:andesite":1,"hunting_delight:humanmeat":2,"minecraft:torch":1,"bunker_down:steel_vent":2,"toughasnails:purified_water_bottle":1,"minecraft:spruce_log":6,"minecraft:golden_sword":1,"immersive_weathering:permafrost":2,"immersive_weathering:ash_layer_block":4,"minecraft:dirt":5,"zombie_extreme:raw_steel":4,"minecraft:raw_copper":78,"bunker_down:steel_block":5,"minecraft:light_gray_concrete":20,"minecraft:red_carpet":1,"minecraft:bone":16,"minecraft:light_gray_bed":2,"minecraft:rotten_flesh":18,"immersiveengineering:seed":1,"minecraft:polished_diorite":4,"minecraft:granite":2,"minecraft:totem_of_undying":2,"hunting_delight:pigcorpse":2,"supplementaries:ash":1,"minecraft:coal":23,"minecraft:cobblestone":90},"minecraft:crafted":{"minecraft:spruce_planks":8,"minecraft:stick":4,"minecraft:wooden_pickaxe":1,"minecraft:stone_pickaxe":1},"minecraft:killed":{"hordes:zombie_player":3,"born_in_chaos_v1:maggot":2}},"DataVersion":2975}