{"stats":{"minecraft:crafted":{"minecraft:stone":19,"tombstone:grave_key":1,"toughasnails:wool_chestplate":1,"scalinghealth:power_crystal":1,"minecraft:crafting_table":2,"minecraft:spruce_planks":120,"farmersdelight:flint_knife":1,"minecraft:wooden_pickaxe":1,"minecraft:shield":1,"minecraft:stick":40,"minecraft:iron_ingot":7,"vanillahammers:iron_hammer":1,"minecraft:iron_block":2,"tac:workbench":1,"minecraft:furnace":2,"minecraft:iron_axe":1,"minecraft:stone_pickaxe":12,"quark:spruce_chest":2,"hunting_delight:huntingknife":2,"toughasnails:wool_helmet":1,"scalinghealth:heart_crystal":1,"minecraft:bucket":1,"minecraft:air":0,"minecraft:white_wool":14,"minecraft:iron_shovel":1,"hunting_delight:cookedhumanmeat":5},"minecraft:mined":{"minecraft:granite":390,"minecraft:polished_diorite":6,"minecraft:frosted_ice":1,"minecraft:magma_block":11,"minecraft:iron_ore":34,"minecraft:cobbled_deepslate":3,"zombie_extreme:ore_steel":6,"minecraft:deepslate_lapis_ore":6,"zombie_extreme:deepslate_tin":10,"minecraft:tripwire":4,"minecraft:deepslate_redstone_ore":3,"minecraft:torch":1,"minecraft:cobblestone":202,"minecraft:wall_torch":9,"zombie_extreme:thorium_ore":11,"zombie_extreme:deepslate_steel":2,"minecraft:dirt":26,"minecraft:deepslate":370,"minecraft:tuff":19,"scalinghealth:power_crystal_ore":2,"quark:shale":48,"born_in_chaos_v1:infected_diamond_ore":9,"hunting_delight:pigcorpse":4,"minecraft:spruce_leaves":1,"minecraft:redstone_ore":2,"minecraft:furnace":2,"zombie_extreme:ore_lead":1,"minecraft:andesite":25,"minecraft:deepslate_iron_ore":14,"hunting_delight:cowcorpse":1,"minecraft:stone":1530,"minecraft:white_wool":1,"zombie_extreme:ore_aluminum":6,"minecraft:glass_pane":2,"minecraft:crafting_table":3,"minecraft:copper_ore":78,"minecraft:deepslate_gold_ore":11,"minecraft:diorite":22,"immersive_weathering:permafrost":2,"zombie_extreme:ore_tin":8,"minecraft:ice":4,"minecraft:spruce_log":11,"minecraft:coal_ore":46,"hunting_delight:chickencorpse":2,"quark:spruce_chest":3,"minecraft:gravel":11,"minecraft:dripstone_block":3,"minecraft:cobweb":13},"minecraft:picked_up":{"quark:diamond_heart":2,"minecraft:seagrass":1,"rottencreatures:frozen_rotten_flesh":6,"minecraft:iron_chestplate":1,"minecraft:black_carpet":9,"minecraft:chainmail_boots":3,"minecraft:potion":6,"minecraft:enchanted_book":5,"marbledsarsenal:winter_military_armor_helmet":5,"tombstone:grave_key":5,"minecraft:golden_sword":15,"immersive_weathering:ash_layer_block":22,"minecraft:string":176,"minecraft:raw_copper":792,"minecraft:iron_leggings":1,"zombie_extreme:golf_club":9,"tac:tti_g34":4,"minecraft:cobbled_deepslate":768,"minecraft:bucket":1,"minecraft:spruce_planks":110,"minecraft:iron_pickaxe":1,"hunting_delight:pigcorpse":14,"minecraft:furnace":10,"minecraft:tipped_arrow":29,"minecraft:golden_helmet":2,"zombie_extreme:raw_aluminum":8,"minecraft:stick":23,"immersiveengineering:shader_bag_epic":13,"born_in_chaos_v1:shattered_skull":1,"minecraft:torch":211,"zombie_extreme:katana":1,"minecraft:porkchop":41,"minecraft:pointed_dripstone":9,"tombstone:grave_dust":88,"minecraft:diorite":38,"minecraft:stone_sword":3,"zombie_extreme:ignot_tin":4,"minecraft:light_gray_bed":2,"minecraft:rotten_flesh":1578,"minecraft:iron_block":1,"zombie_extreme:rotten_apple":21,"vanillahammers:iron_hammer":3,"supplementaries:ash":4,"hunting_delight:chickencorpse":3,"minecraft:snowball":3,"minecraft:cobblestone":5053,"tac:round45":110,"minecraft:magma_block":11,"minecraft:feather":35,"marbledsarsenal:winter_military_armor_chestplate":9,"minecraft:andesite":101,"zombie_extreme:juggernaut_suit_leggings":1,"minecraft:golden_leggings":2,"bunker_down:steel_vent":2,"minecraft:potato":2,"minecraft:flint":28,"minecraft:tuff":34,"zombie_extreme:crowbar":2,"minecraft:lapis_lazuli":114,"minecraft:dirt":117,"born_in_chaos_v1:monster_skin":2,"minecraft:bone":873,"minecraft:bow":6,"minecraft:wheat_seeds":2,"minecraft:raw_gold":14,"hunting_delight:rawsquid":13,"tac:9mm_round":43,"quark:shale":216,"butchersdelightfoods:porkloin":1,"sophisticatedbackpacks:iron_backpack":1,"tenebrous_lands:zenyr":7,"minecraft:bundle":12,"born_in_chaos_v1:supreme_measure":1,"minecraft:light_gray_concrete":20,"minecraft:sugar":2,"tombstone:familiar_stone":4,"hunting_delight:huntingknife":2,"minecraft:granite":1288,"minecraft:bone_meal":17,"zombie_extreme:raw_thorium":15,"born_in_chaos_v1:rotten_fish":2,"minecraft:bricks":12,"zombie_extreme:cleaver":8,"born_in_chaos_v1:diamond_termite_shard":13,"minecraft:crafting_table":8,"minecraft:chicken":8,"marbledsarsenal:winter_military_armor_boots":6,"minecraft:ladder":10,"born_in_chaos_v1:seedof_chaos":2,"zombie_extreme:raw_tin":38,"marbledsarsenal:winter_military_armor_leggings":8,"minecraft:brick":5,"minecraft:shield":6,"born_in_chaos_v1:intoxicating_decoction":1,"graveyard:corruption":20,"quark:spruce_chest":17,"minecraft:beef":20,"minecraft:iron_nugget":1,"minecraft:poppy":1,"minecraft:chest":7,"butchersdelightfoods:porkribs":3,"zombie_extreme:ignotsteel":13,"minecraft:phantom_membrane":1,"minecraft:egg":25,"minecraft:raw_iron":67,"minecraft:stone":10,"minecraft:oak_door":1,"hunting_delight:humanmeat":68,"minecraft:bowl":2,"hunting_delight:cookedhumanmeat":59,"sophisticatedbackpacks:backpack":3,"zombie_extreme:juggernaut_suit_boots":1,"zombie_extreme:gas_mask_helmet":1,"born_in_chaos_v1:pieceofdarkmetal":3,"minecraft:carrot":3,"minecraft:redstone":22,"immersive_weathering:permafrost":12,"minecraft:arrow":144,"immersiveengineering:shader":1,"minecraft:totem_of_undying":9,"minecraft:glow_berries":1,"minecraft:white_wool":3,"born_in_chaos_v1:corpse_maggot":78,"born_in_chaos_v1:monster_flesh":24,"minecraft:glow_ink_sac":22,"minecraft:leather":16,"hunting_delight:cowcorpse":4,"minecraft:chainmail_chestplate":1,"scalinghealth:bandages":28,"toughasnails:purified_water_bottle":2,"minecraft:golden_boots":1,"minecraft:gunpowder":18,"scalinghealth:heart_crystal":59,"farmersdelight:flint_knife":6,"scalinghealth:medkit":2,"minecraft:paper":3,"zombie_extreme:raw_steel":18,"tombstone:gift":6,"zombie_extreme:raw_lead":1,"quark:forgotten_hat":1,"bunker_down:steel_block":5,"minecraft:red_carpet":1,"minecraft:apple":147,"tac:deagle_357":1,"minecraft:iron_ingot":12,"minecraft:stone_pickaxe":29,"scalinghealth:power_crystal_shard":38,"tombstone:bag_of_seeds":11,"zombie_extreme:cloth":3,"minecraft:glass_bottle":12,"minecraft:iron_sword":1,"tac:ae50":35,"scalinghealth:heart_crystal_shard":86,"minecraft:milk_bucket":5,"born_in_chaos_v1:ethereal_spirit":4,"minecraft:dripstone_block":5,"minecraft:gravel":375,"minecraft:spruce_log":115,"minecraft:spider_eye":51,"minecraft:leather_helmet":1,"immersiveengineering:seed":1,"minecraft:polished_diorite":6,"minecraft:iron_helmet":1,"tombstone:magic_scroll":8,"tac:m1a1_smg":1,"minecraft:coal":188,"minecraft:ender_pearl":2},"minecraft:dropped":{"tac:round45":30,"minecraft:crafting_table":1,"minecraft:cooked_porkchop":1,"hunting_delight:humanmeat":6,"minecraft:glow_berries":1,"minecraft:leather":1,"zombie_extreme:rotten_apple":2,"minecraft:dirt":1,"tombstone:bag_of_seeds":1,"minecraft:snowball":1,"toughasnails:wool_chestplate":1,"minecraft:gravel":54,"tombstone:gift":1,"minecraft:rotten_flesh":6,"minecraft:egg":1,"minecraft:wheat_seeds":1,"minecraft:cobblestone":384,"minecraft:apple":64,"immersive_weathering:ash_layer_block":3,"minecraft:granite":132,"hunting_delight:cookedhumanmeat":2,"minecraft:torch":18,"tombstone:grave_key":5,"tombstone:grave_dust":5,"minecraft:potion":2,"minecraft:bucket":1,"minecraft:bricks":4,"zombie_extreme:cleaver":1,"minecraft:raw_copper":21,"minecraft:bowl":1,"minecraft:spruce_planks":3,"minecraft:andesite":5,"minecraft:stone_pickaxe":2,"born_in_chaos_v1:supreme_measure":1},"minecraft:killed":{"minecraft:cave_spider":2,"endofherobrine:zombie":6,"graveyard:skeleton_creeper":1,"zombie_extreme:night_hunter":6,"zombiemobs:zombie_chicken":4,"minecraft:spider":59,"zombie_extreme:infected_juggernaut":2,"zombiemobs:zombie_turtle":1,"zombiemobs:zombie_llama":2,"minecraft:zombie_horse":3,"quark:forgotten":1,"minecraft:skeleton":53,"minecraft:guardian":1,"graveyard:acolyte":1,"minecraft:chicken":3,"creeperoverhaul:cave_creeper":4,"tenebrous_lands:shiva":1,"zombiemobs:zombie_pig":4,"born_in_chaos_v1:bonescaller":1,"zombiemobs:zombie_cat":2,"born_in_chaos_v1:diamond_termite":13,"zombie_extreme:infected_hazmat":4,"endofherobrine:zombie_villager":3,"rottencreatures:frostbitten":2,"zombie_extreme:chainsaw":1,"zombiemobs:zombie_fox":5,"minecraft:zombie":171,"born_in_chaos_v1:dread_hound":5,"born_in_chaos_v1:corpse_fly":15,"minecraft:stray":22,"endofherobrine:chicken":1,"zombie_extreme:infected_police":1,"minecraft:glow_squid":1,"graveyard:corrupted_pillager":5,"endofherobrine:builder":1,"mca:female_zombie_villager":8,"mca:male_zombie_villager":4,"hordes:zombie_player":27,"graveyard:corrupted_vindicator":3,"graveyard:revenant":4,"zombiemobs:zombie_sheep":2,"zombiemobs:zombie_ocelot":4,"born_in_chaos_v1:maggot":54,"minecraft:phantom":25,"creeperoverhaul:snowy_creeper":1,"tenebrous_lands:eynelvoonge":1,"zombiemobs:zombie_wolf":8,"zombie_extreme:runner":6,"zombiemobs:zombie_cow":4,"zombie_extreme:crawler":5,"rottencreatures:undead_miner":6,"born_in_chaos_v1:fallen_chaos_knight":1,"zombie_extreme:boomer":6,"zombie_extreme:infected_military":4,"zombie_extreme:infected":7,"born_in_chaos_v1:baby_skeleton":1,"zombiemobs:zombie_mooshroom":1,"born_in_chaos_v1:swarmer":2,"minecraft:bat":2,"zombie_extreme:military":1,"born_in_chaos_v1:decrepit_skeleton":5,"born_in_chaos_v1:bloody_gadfly":1,"tenebrous_lands:abaddon":1,"zombiemobs:zombie_goat":7,"zombie_extreme:assasin_black_ops":1},"minecraft:killed_by":{"born_in_chaos_v1:corpse_fly":2,"zombie_extreme:chainsaw":1,"minecraft:zombie":11,"zombiemobs:zombie_wolf":2,"minecraft:player":2,"mca:female_zombie_villager":1,"minecraft:spider":4,"hordes:zombie_player":5,"zombie_extreme:infected_police":2,"tenebrous_lands:demogon":1,"zombiemobs:zombie_ocelot":1,"zombiemobs:zombie_chicken":1,"graveyard:corrupted_vindicator":1,"graveyard:corrupted_pillager":1,"born_in_chaos_v1:maggot":1,"rottencreatures:frostbitten":1},"minecraft:broken":{"toughasnails:wool_helmet":1,"minecraft:stone_pickaxe":9,"minecraft:golden_sword":2,"zombie_extreme:cleaver":1,"zombie_extreme:golf_club":1,"quark:forgotten_hat":1,"marbledsarsenal:winter_military_armor_boots":2,"marbledsarsenal:winter_military_armor_leggings":1,"minecraft:wooden_pickaxe":1,"marbledsarsenal:winter_military_armor_helmet":1,"minecraft:iron_pickaxe":1,"minecraft:iron_helmet":1,"marbledsarsenal:winter_military_armor_chestplate":1},"minecraft:custom":{"minecraft:interact_with_crafting_table":44,"minecraft:leave_game":10,"minecraft:time_since_death":58149,"minecraft:sprint_one_cm":526429,"minecraft:damage_blocked_by_shield":2417,"minecraft:drop":52,"minecraft:play_time":445408,"minecraft:deaths":40,"minecraft:jump":4324,"minecraft:walk_on_water_one_cm":7826,"minecraft:interact_with_furnace":25,"minecraft:damage_dealt":87311,"minecraft:player_kills":1,"minecraft:crouch_one_cm":78726,"tombstone:undead_killed":358,"minecraft:mob_kills":633,"minecraft:damage_dealt_resisted":68736,"minecraft:climb_one_cm":4078,"minecraft:walk_one_cm":1608646,"minecraft:damage_dealt_absorbed":90,"minecraft:sneak_time":21740,"minecraft:walk_under_water_one_cm":121,"minecraft:total_world_time":445408,"minecraft:time_since_rest":58177,"minecraft:damage_taken":39929,"minecraft:fly_one_cm":668344,"minecraft:open_chest":304,"minecraft:fall_one_cm":56734},"minecraft:used":{"minecraft:iron_shovel":1,"minecraft:ladder":15,"quark:shale":8,"minecraft:black_carpet":1,"minecraft:chest":28,"minecraft:shield":77,"minecraft:stone":58,"minecraft:rotten_flesh":7,"minecraft:tuff":1,"minecraft:milk_bucket":4,"hunting_delight:cookedhumanmeat":18,"minecraft:golden_sword":202,"minecraft:magma_block":4,"immersive_weathering:permafrost":2,"supplementaries:ash":1,"minecraft:furnace":6,"hunting_delight:pigcorpse":2,"minecraft:stone_pickaxe":1424,"minecraft:wooden_pickaxe":59,"minecraft:white_wool":1,"zombie_extreme:crowbar":257,"minecraft:string":4,"hunting_delight:cowcorpse":1,"minecraft:andesite":23,"zombie_extreme:cleaver":232,"minecraft:stone_sword":8,"minecraft:torch":206,"minecraft:dirt":8,"scalinghealth:heart_crystal":32,"farmersdelight:flint_knife":18,"minecraft:granite":74,"minecraft:polished_diorite":5,"toughasnails:glow_berry_juice":1,"born_in_chaos_v1:supreme_measure":82,"quark:spruce_chest":20,"minecraft:iron_axe":7,"scalinghealth:power_crystal":1,"tombstone:gift":2,"minecraft:cobbled_deepslate":64,"tac:workbench":2,"minecraft:water_bucket":4,"minecraft:glass_bottle":40,"vanillahammers:iron_hammer":140,"quark:forgotten_hat":1,"minecraft:crafting_table":10,"zombie_extreme:golf_club":221,"zombie_extreme:katana":551,"minecraft:apple":54,"minecraft:iron_pickaxe":291,"minecraft:potion":53,"minecraft:cobblestone":309,"toughasnails:purified_water_bottle":30,"minecraft:cooked_porkchop":7,"minecraft:bucket":4,"marbledsarsenal:winter_military_armor_boots":1,"marbledsarsenal:winter_military_armor_leggings":1,"minecraft:splash_potion":133}},"DataVersion":2975}