{
  "mca:recipes/building_blocks/headstones": {
    "criteria": {
      "has_the_upright_recipe": "2024-07-06 04:26:55 +0000"
    },
    "done": true
  },
  "betterdungeons:root": {
    "criteria": {
      "always": "2024-07-06 04:26:56 +0000"
    },
    "done": true
  },
  "mca:recipes/misc/potions": {
    "criteria": {
      "has_item": "2024-07-06 05:12:09 +0000"
    },
    "done": true
  },
  "ag_day_counter:day_counter_root_advancement": {
    "criteria": {
      "day_counter_root_advancement": "2024-07-06 04:26:56 +0000"
    },
    "done": true
  },
  "minecraft:adventure/kill_a_mob": {
    "criteria": {
      "minecraft:zombie": "2024-07-06 04:33:12 +0000"
    },
    "done": true
  },
  "simpleplanes:recipes/plane": {
    "criteria": {
      "in_fire": "2024-07-06 04:33:24 +0000"
    },
    "done": true
  },
  "takesapillage:root": {
    "criteria": {
      "always": "2024-07-06 04:26:56 +0000"
    },
    "done": true
  },
  "naturescompass:natures_compass": {
    "criteria": {
      "has_recipe": "2024-07-06 04:26:55 +0000"
    },
    "done": true
  },
  "tombstone:adventure/ashes_and_bones": {
    "criteria": {
      "coded_trigger": "2024-07-06 05:03:08 +0000"
    },
    "done": true
  },
  "minecraft:story/obtain_armor": {
    "criteria": {
      "iron_chestplate": "2024-07-08 05:43:16 +0000"
    },
    "done": true
  },
  "tombstone:recipes/from_grave_dust": {
    "criteria": {
      "has_ingredient": "2024-07-06 05:07:07 +0000"
    },
    "done": true
  },
  "mca:recipes/misc/needle_and_thread": {
    "criteria": {
      "has_item": "2024-07-06 05:01:19 +0000"
    },
    "done": true
  },
  "bunker_down:first_joined_world": {
    "criteria": {
      "first_joined_world": "2024-07-06 04:26:55 +0000"
    },
    "done": true
  },
  "minecraft:story/mine_stone": {
    "criteria": {
      "get_stone": "2024-07-06 04:48:42 +0000"
    },
    "done": true
  },
  "minecraft:adventure/adventuring_time": {
    "criteria": {
      "minecraft:frozen_river": "2024-07-06 04:41:35 +0000",
      "minecraft:snowy_plains": "2024-07-06 04:26:55 +0000",
      "minecraft:dripstone_caves": "2024-07-06 04:51:19 +0000",
      "minecraft:snowy_taiga": "2024-07-08 05:27:44 +0000"
    },
    "done": false
  },
  "beyond_earth:root": {
    "criteria": {
      "tick": "2024-07-06 04:26:56 +0000"
    },
    "done": true
  },
  "tombstone:adventure/strong_or_careful": {
    "criteria": {
      "coded_trigger": "2024-07-14 02:40:33 +0000"
    },
    "done": true
  },
  "minecraft:husbandry/root": {
    "criteria": {
      "consumed_item": "2024-07-06 04:36:41 +0000"
    },
    "done": true
  },
  "ag_day_counter:firts_day_advancement": {
    "criteria": {
      "firts_day_advancement": "2024-07-06 04:26:56 +0000"
    },
    "done": true
  },
  "mca:recipes/misc/books": {
    "criteria": {
      "has_item": "2024-07-07 23:44:11 +0000"
    },
    "done": true
  },
  "buildersdelight:root": {
    "criteria": {
      "crafting_table": "2024-07-06 04:28:02 +0000"
    },
    "done": true
  },
  "minecraft:adventure/root": {
    "criteria": {
      "killed_by_something": "2024-07-06 04:28:13 +0000"
    },
    "done": true
  },
  "tombstone:adventure/cancel_ghostly_shape": {
    "criteria": {
      "coded_trigger": "2024-07-06 04:28:17 +0000"
    },
    "done": true
  },
  "tenebrous_lands:the_beginning": {
    "criteria": {
      "the_beginning": "2024-07-08 05:03:11 +0000"
    },
    "done": true
  },
  "minecraft:story/deflect_arrow": {
    "criteria": {
      "deflected_projectile": "2024-07-08 00:00:25 +0000"
    },
    "done": true
  },
  "betterdungeons:all_dungeons": {
    "criteria": {
      "in_better_zombie_dungeon": "2024-07-06 04:27:11 +0000"
    },
    "done": false
  },
  "betterdungeons:zombie_dungeon": {
    "criteria": {
      "in_better_zombie_dungeon": "2024-07-06 04:27:11 +0000"
    },
    "done": true
  },
  "farmersdelight:main/root": {
    "criteria": {
      "seeds": "2024-07-06 04:28:02 +0000"
    },
    "done": true
  },
  "graveyard:graveyard/kill_graveyard_mob": {
    "criteria": {
      "revenant": "2024-07-08 00:01:46 +0000"
    },
    "done": true
  },
  "graveyard:graveyard/root": {
    "criteria": {
      "grave_01": "2024-07-08 00:20:24 +0000"
    },
    "done": true
  },
  "tombstone:adventure/enchant_grave_key": {
    "criteria": {
      "has_upgraded_grave_key": "2024-07-14 02:40:50 +0000"
    },
    "done": true
  },
  "tombstone:adventure/root": {
    "criteria": {
      "auto": "2024-07-06 04:26:55 +0000"
    },
    "done": true
  },
  "tombstone:adventure/bone_crusher": {
    "criteria": {
      "coded_trigger": "2024-07-08 00:31:55 +0000"
    },
    "done": true
  },
  "cataclysm:root": {
    "criteria": {
      "custom_test_name": "2024-07-06 04:26:56 +0000"
    },
    "done": true
  },
  "minecraft:adventure/kill_all_mobs": {
    "criteria": {
      "minecraft:skeleton": "2024-07-07 23:57:12 +0000",
      "minecraft:guardian": "2024-07-14 02:34:43 +0000",
      "minecraft:spider": "2024-07-06 05:00:11 +0000",
      "minecraft:phantom": "2024-07-06 05:28:18 +0000",
      "minecraft:cave_spider": "2024-07-08 04:48:20 +0000",
      "minecraft:stray": "2024-07-06 05:00:25 +0000",
      "minecraft:zombie": "2024-07-06 04:33:12 +0000"
    },
    "done": false
  },
  "tombstone:adventure/chain_death": {
    "criteria": {
      "coded_trigger": "2024-07-06 05:15:53 +0000"
    },
    "done": true
  },
  "tombstone:adventure/find_grave_dust": {
    "criteria": {
      "from_undead": "2024-07-06 05:03:08 +0000"
    },
    "done": true
  },
  "mutantmonsters:root": {
    "criteria": {
      "killed_by_something": "2024-07-06 04:28:13 +0000"
    },
    "done": true
  },
  "minecraft:husbandry/balanced_diet": {
    "criteria": {
      "cooked_porkchop": "2024-07-08 05:24:45 +0000",
      "apple": "2024-07-08 05:38:12 +0000",
      "rotten_flesh": "2024-07-08 03:43:09 +0000"
    },
    "done": false
  },
  "farmersdelight:main/craft_knife": {
    "criteria": {
      "flint_knife": "2024-07-06 05:12:51 +0000"
    },
    "done": true
  },
  "tombstone:recipes/from_grave_key": {
    "criteria": {
      "has_ingredient": "2024-07-06 04:28:34 +0000"
    },
    "done": true
  },
  "tombstone:adventure/teleport_to_grave": {
    "criteria": {
      "coded_trigger": "2024-07-14 02:40:55 +0000"
    },
    "done": true
  },
  "mca:recipes/misc/comb": {
    "criteria": {
      "has_item": "2024-07-07 23:58:51 +0000"
    },
    "done": true
  },
  "endofherobrine:story/root": {
    "criteria": {
      "requirement": "2024-07-06 04:28:45 +0000"
    },
    "done": true
  },
  "minecraft:story/iron_tools": {
    "criteria": {
      "iron_pickaxe": "2024-07-08 05:14:41 +0000"
    },
    "done": true
  },
  "naturescompass:natures_compass_log": {
    "criteria": {
      "has_recipe": "2024-07-06 04:26:55 +0000"
    },
    "done": true
  },
  "naturescompass:natures_compass_sapling": {
    "criteria": {
      "has_recipe": "2024-07-06 04:26:55 +0000"
    },
    "done": true
  },
  "tombstone:adventure/first_knowledge": {
    "criteria": {
      "coded_trigger": "2024-07-06 05:03:08 +0000"
    },
    "done": true
  },
  "minecraft:story/upgrade_tools": {
    "criteria": {
      "stone_pickaxe": "2024-07-06 04:51:00 +0000"
    },
    "done": true
  },
  "mca:recipes/misc/blueprint": {
    "criteria": {
      "has_item": "2024-07-07 23:44:11 +0000"
    },
    "done": true
  },
  "tombstone:adventure/first_grave": {
    "criteria": {
      "coded_trigger": "2024-07-06 04:28:32 +0000"
    },
    "done": true
  },
  "minecraft:story/root": {
    "criteria": {
      "crafting_table": "2024-07-06 04:49:25 +0000"
    },
    "done": true
  },
  "graveyard:graveyard/corruption": {
    "criteria": {
      "corruption": "2024-07-07 23:59:33 +0000"
    },
    "done": true
  },
  "minecraft:story/smelt_iron": {
    "criteria": {
      "iron": "2024-07-07 23:58:51 +0000"
    },
    "done": true
  },
  "mca:recipes/misc/whistle": {
    "criteria": {
      "has_item": "2024-07-07 23:58:51 +0000"
    },
    "done": true
  },
  "graveyard:graveyard/kill_horde": {
    "criteria": {
      "kill_horde": "2024-07-08 04:32:03 +0000"
    },
    "done": true
  },
  "immersive_weathering:immersive_weathering/dirts": {
    "criteria": {
      "dirt": "2024-07-06 04:48:33 +0000"
    },
    "done": false
  },
  "mca:recipes/misc/rose_gold_dust": {
    "criteria": {
      "has_item": "2024-07-14 02:25:19 +0000"
    },
    "done": true
  },
  "DataVersion": 2975
}